name,status,ms,synonym,related,positive,negative,summary
صنعت غذا و کشاورزی,R,2,"غذا,غذایی,کشاورزی، کشاورزی,ذرت,جو,گندم,سویا,کنجاله,شکر,قهوه,سیب زمینی,پشم,روغن,حبوبات,سبزیجات,دام,طیور",,"کشاورزی,ذرت,جو,گندم,سویا,کنجاله,شکر,قهوه,سیب زمینی,پشم,روغن,حبوبات,سبزیجات,دام,طیور",,
صنعت چاپ,R,2,"چاپ,بسته بندی,بسته‌بندی,سلولوز,مقوا,کاغذ,گلاسه,مرکب,چاپگر",,"چاپ, بسته بندی,بسته‌بندی,سلولوز,مقوا,کاغذ,گلاسه,مرکب",,
صنعت نفت و گاز,R,1,"نفت,گاز",,"نفت,گاز,گازوئیل,قیر,پارافین",,
صنعت پتروشیمی و پالایش,R,2,"پتروشیمی,پالایش,پالایشگاه,توتال,پارس جنوبی",,"پتروشیمی,پالایشگاه,پالایش,نفت,گاز,بنزین",,
صنعت بانک و بیمه,R,2,"بانک,بیمه,تسهیلات,وام,سود,بدهی,سرمایه,مالی",,"بانک,بیمه",,
صنعت ابزار پزشکی و دارو,R,1,"پزشکی,دارو,داروسازی,",,"دارو,دارویی",,
صنعت فلزات و معادن,R,1,"فلزات,معادن,معدن,فلز",,"معدن,نقره,طلا,پلاتین,مس,سرب,قلع,روی,نیکل,آلومینیوم,کائوچو,منگنز,فولاد,قلع,آلیاژ",,
بازار ارز و سکه,R,1,"ارز,سکه,طلا,دلار,",,"ارز,سکه,طلا,مسکوکات,دلار,اسکناس,حواله,ریال,فرانک,پوند,یورو,یوان,ین,نقره,پلاتین",,
صنعت شیمیایی و حلال‌ها,R,1,"پتروشیمی,نفت,گاز,حلال",,"معدنی,شیمیایی",,
صنعت راه و ساختمان,R,3,"راه و ساختمان,زمین,راه,ساختمان,مسکن,مصالح,آپارتمان,نوسازی,ملک,املاک,لوله,میلگرد,تیرآهن",,"مصالح,آپارتمان,نوسازی,ملک,املاک,لوله,میلگرد,تیرآهن",,
صنعت پلیمر و پلاستیک,R,1,"پلیمر,پلاستیک,",,"پلی‌پروپیلن,پلی‌اتیلن,",,
صنعت نساجی و پوشاک,R,1,"نساجی,بافندگی",,"البسه,لباس,الیاف,نخ,پارچه",,
صنعت لاستیک و پلاستیک,R,1,"لاستیک,پلاستیک,پلاستیک‌سازی,لاستیک‌سازی",,,,
ارتباطات و فناوری اطلاعات,R,1,"فناوری اطلاعات,الکترونیک,مخابرات",,"تکنولوژی,دیجیتال",,
تعاون و اشتغال,R,1,"تعاونی,تعاون,",,بنگاه,,
صنعت خودرو,R,2,"خودروسازی,اتومبیل,خودرو,خودروساز,هیوندا,سایپا,رنو,ولوو,تویوتا,ایران‌خودرو",,"خودروساز,هیوندا,سایپا,رنو,ولوو,تویوتا,ایران‌خودرو",,
نماد ۱۸۷۱۹۱۰۱,A,1,"۱۸۷۱۹۱۰۱,اوراق مشارکت ایران‌ خودرو",صنعت خودرو,"بورس,سهام,شاخص,قرارداد",,خودرو و ساخت قطعات
نماد آپ,A,1,"آپ,آسان پرداخت پرشین",ارتباطات و فناوری اطلاعات,"بورس,سهام,شاخص,قرارداد",استارت آپ,رایانه و فعالیت‌های وابسته به آن
نماد آسیا,A,2,"آسیا,بیمه,بیمه آسیا",صنعت بانک و بیمه,"بورس,سهام,شاخص,قرارداد",,بیمه وصندوق بازنشستگی به جزتامین اجتماعی
نماد آکنتور,A,1,"آکنتور,کنتورسازی‌ایران‌",صنعت ابزار پزشکی و دارو,"بورس,سهام,شاخص,قرارداد",,"ابزارپزشکی, اپتیکی و اندازه‌گیری"
نماد آکنتورح,A,1,"آکنتورح,ح. کنتورسازی‌ایران‌",صنعت ابزار پزشکی و دارو,"بورس,سهام,شاخص,قرارداد",,"ابزارپزشکی, اپتیکی و اندازه‌گیری"
نماد اخابر,A,1,"اخابر,مخابرات ایران",ارتباطات و فناوری اطلاعات,"بورس,سهام,شاخص,قرارداد",,مخابرات
نماد اخابرح,A,1,"اخابرح,ح. مخابرات ایران",ارتباطات و فناوری اطلاعات,"بورس,سهام,شاخص,قرارداد",,مخابرات
نماد البرز,A,2,"البرز,بیمه البرز,بیمه",صنعت بانک و بیمه,"بورس,سهام,شاخص,قرارداد,بیمه",استان البرز,بیمه وصندوق بازنشستگی به جزتامین اجتماعی
نماد البرزح,A,1,"البرزح,ح. بیمه البرز",صنعت بانک و بیمه,"بورس,سهام,شاخص,قرارداد",,بیمه وصندوق بازنشستگی به جزتامین اجتماعی
نماد باختر,A,1,"باختر,کابل‌ باختر",,"بورس,سهام,شاخص,قرارداد",,ماشین آلات و دستگاه‌های برقی
نماد باخترح,A,1,"باخترح,ح. کابل‌ باختر",,"بورس,سهام,شاخص,قرارداد",,ماشین آلات و دستگاه‌های برقی
نماد بالبر,A,1,"بالبر,کابل‌ البرز",,"بورس,سهام,شاخص,قرارداد",,ماشین آلات و دستگاه‌های برقی
نماد بالبرح,A,1,"بالبرح,ح. کابل‌ البرز",,"بورس,سهام,شاخص,قرارداد",,ماشین آلات و دستگاه‌های برقی
نماد بایکا,A,1,"بایکا,کابلسازی‌ایران‌",,"بورس,سهام,شاخص,قرارداد",,ماشین آلات و دستگاه‌های برقی
نماد بایکاح,A,1,"بایکاح,ح. کابلسازی‌ایران‌",,"بورس,سهام,شاخص,قرارداد",,ماشین آلات و دستگاه‌های برقی
نماد بترانس,A,1,"بترانس,ایران‌ ترانسفو",,"بورس,سهام,شاخص,قرارداد",,ماشین آلات و دستگاه‌های برقی
نماد بترانسح,A,1,"بترانسح,ح. ایران‌ ترانسفو",,"بورس,سهام,شاخص,قرارداد",,ماشین آلات و دستگاه‌های برقی
نماد بتک,A,1,"بتک,کابلسازی‌ تک‌",,"بورس,سهام,شاخص,قرارداد",,ماشین آلات و دستگاه‌های برقی
نماد بتکح,A,1,"بتکح,ح. کابلسازی‌ تک‌",,"بورس,سهام,شاخص,قرارداد",,ماشین آلات و دستگاه‌های برقی
نماد برانسفو,A,1,"برانسفو,ترانسفورماتور توزیع زنگان",,"بورس,سهام,شاخص,قرارداد",,ماشین آلات و دستگاه‌های برقی
نماد بسویچ,A,1,"بسویچ,پارس‌سویچ‌",,"بورس,سهام,شاخص,قرارداد",,ماشین آلات و دستگاه‌های برقی
نماد بسویچح,A,1,"بسویچح,ح. پارس‌سویچ‌",,"بورس,سهام,شاخص,قرارداد",,ماشین آلات و دستگاه‌های برقی
نماد بشهاب,A,1,"بشهاب,لامپ‌ پارس‌ شهاب‌",,"بورس,سهام,شاخص,قرارداد",,ماشین آلات و دستگاه‌های برقی
نماد بشهابح,A,1,"بشهابح,ح. لامپ‌ پارس‌ شهاب‌",,"بورس,سهام,شاخص,قرارداد",,ماشین آلات و دستگاه‌های برقی
نماد بفجر,A,1,"بفجر,پتروشیمی فجر",,"بورس,سهام,شاخص,قرارداد",,"عرضه برق, گاز, بخاروآب گرم"
نماد بکاب,A,1,"بکاب,صنایع‌جوشکاب‌یزد",,"بورس,سهام,شاخص,قرارداد",,ماشین آلات و دستگاه‌های برقی
نماد بکابح,A,1,"بکابح,ح. صنایع‌جوشکاب‌یزد",,"بورس,سهام,شاخص,قرارداد",,ماشین آلات و دستگاه‌های برقی
نماد بکام,A,1,"بکام,کارخانجات تولیدی شهید قندی",,"بورس,سهام,شاخص,قرارداد",,ماشین آلات و دستگاه‌های برقی
نماد بکامح,A,1,"بکامح,ح. کارخانجات تولیدی شهید قندی",,"بورس,سهام,شاخص,قرارداد",,ماشین آلات و دستگاه‌های برقی
نماد بموتو,A,1,"بموتو,موتوژن‌",,"بورس,سهام,شاخص,قرارداد",,ماشین آلات و دستگاه‌های برقی
نماد بموتوح,A,1,"بموتوح,ح. موتوژن‌",,"بورس,سهام,شاخص,قرارداد",,ماشین آلات و دستگاه‌های برقی
نماد بنیرو,A,1,"بنیرو,نیروترانس‌",,"بورس,سهام,شاخص,قرارداد",,ماشین آلات و دستگاه‌های برقی
نماد بنیروح,A,1,"بنیروح,ح. نیروترانس‌",,"بورس,سهام,شاخص,قرارداد",,ماشین آلات و دستگاه‌های برقی
نماد بورس,A,1,"بورس,بورس اوراق بهادار تهران",صنعت بانک و بیمه,"بورس,سهام,شاخص,قرارداد",,فعالیتهای کمکی به نهادهای مالی واسط
نماد پارتا,A,1,"پارتا,مجتمع‌صنعتی‌آرتاویل‌تایر",صنعت پلیمر و پلاستیک,"بورس,سهام,شاخص,قرارداد",,لاستیک و پلاستیک
نماد پارتاح,A,1,"پارتاح,ح. مجتمع‌صنعتی‌آرتاویل‌تایر",صنعت پلیمر و پلاستیک,"بورس,سهام,شاخص,قرارداد",,لاستیک و پلاستیک
نماد پارسان,A,1,"پارسان,گسترش نفت و گاز پارسیان",صنعت شیمیایی و حلال‌ها,"بورس,سهام,شاخص,قرارداد",,محصولات شیمیایی
نماد پارسانح,A,1,"پارسانح,ح. گسترش نفت و گاز پارسیان",صنعت شیمیایی و حلال‌ها,"بورس,سهام,شاخص,قرارداد",,محصولات شیمیایی
نماد پارسیان,A,2,"پارسیان,بیمه پارسیان,بیمه",صنعت بانک و بیمه,"بورس,سهام,شاخص,قرارداد",,بیمه وصندوق بازنشستگی به جزتامین اجتماعی
نماد پارسیانح,A,1,"پارسیانح,ح. بیمه پارسیان",صنعت بانک و بیمه,"بورس,سهام,شاخص,قرارداد",,بیمه وصندوق بازنشستگی به جزتامین اجتماعی
نماد پاسا,A,1,"پاسا,ایران‌یاساتایرورابر",صنعت پلیمر و پلاستیک,"بورس,سهام,شاخص,قرارداد",,لاستیک و پلاستیک
نماد پاساح,A,1,"پاساح,ح. ایران‌یاساتایرورابر",صنعت پلیمر و پلاستیک,"بورس,سهام,شاخص,قرارداد",,لاستیک و پلاستیک
نماد پاکشو,A,1,"پاکشو,گروه صنعتی پاکشو",صنعت شیمیایی و حلال‌ها,"بورس,سهام,شاخص,قرارداد",,محصولات شیمیایی
نماد پتایر,A,1,"پتایر,ایران‌ تایر",صنعت پلیمر و پلاستیک,"بورس,سهام,شاخص,قرارداد",,لاستیک و پلاستیک
نماد پتایرح,A,1,"پتایرح,ح. ایران‌ تایر",صنعت پلیمر و پلاستیک,"بورس,سهام,شاخص,قرارداد",,لاستیک و پلاستیک
نماد پترول,A,1,"پترول,گروه پتروشیمی س. ایرانیان",صنعت شیمیایی و حلال‌ها,"بورس,سهام,شاخص,قرارداد",,محصولات شیمیایی
نماد پدرخش,A,1,"پدرخش,درخشان‌ تهران‌",صنعت پلیمر و پلاستیک,"بورس,سهام,شاخص,قرارداد",,لاستیک و پلاستیک
نماد پدرخشح,A,1,"پدرخشح,ح. درخشان‌ تهران‌",صنعت پلیمر و پلاستیک,"بورس,سهام,شاخص,قرارداد",,لاستیک و پلاستیک
نماد پدنا,A,1,"پدنا,تولیدی‌لاستیک‌دنا",صنعت پلیمر و پلاستیک,"بورس,سهام,شاخص,قرارداد",,لاستیک و پلاستیک
نماد پدناح,A,1,"پدناح,ح. تولیدی‌لاستیک‌دنا",صنعت پلیمر و پلاستیک,"بورس,سهام,شاخص,قرارداد",,لاستیک و پلاستیک
نماد پردیس,A,1,"پردیس,سرمایه گذاری پردیس",صنعت بانک و بیمه,"بورس,سهام,شاخص,قرارداد",,سرمایه گذاریها
نماد پردیسح,A,1,"پردیسح,ح. سرمایه گذاری پردیس",صنعت بانک و بیمه,"بورس,سهام,شاخص,قرارداد",,سرمایه گذاریها
نماد پسهند,A,1,"پسهند,صنایع‌ لاستیکی‌ سهند",صنعت پلیمر و پلاستیک,"بورس,سهام,شاخص,قرارداد",,لاستیک و پلاستیک
نماد پسهندح,A,1,"پسهندح,ح. صنایع‌ لاستیکی‌ سهند",صنعت پلیمر و پلاستیک,"بورس,سهام,شاخص,قرارداد",,لاستیک و پلاستیک
نماد پشاهن,A,1,"پشاهن,پلاستیک‌ شاهین‌",صنعت پلیمر و پلاستیک,"بورس,سهام,شاخص,قرارداد",,لاستیک و پلاستیک
نماد پشاهنح,A,1,"پشاهنح,ح. پلاستیک‌ شاهین‌",صنعت پلیمر و پلاستیک,"بورس,سهام,شاخص,قرارداد",,لاستیک و پلاستیک
نماد پکرمان,A,1,"پکرمان,گروه‌ صنعتی‌ بارز",صنعت پلیمر و پلاستیک,"بورس,سهام,شاخص,قرارداد",,لاستیک و پلاستیک
نماد پکرمانح,A,1,"پکرمانح,ح. گروه‌ صنعتی‌ بارز",صنعت پلیمر و پلاستیک,"بورس,سهام,شاخص,قرارداد",,لاستیک و پلاستیک
نماد پکویر,A,1,"پکویر,کویر تایر",صنعت پلیمر و پلاستیک,"بورس,سهام,شاخص,قرارداد",,لاستیک و پلاستیک
نماد پکویرح,A,1,"پکویرح,ح. کویر تایر",صنعت پلیمر و پلاستیک,"بورس,سهام,شاخص,قرارداد",,لاستیک و پلاستیک
نماد پکیان,A,1,"پکیان,لاستیک‌البرز",صنعت پلیمر و پلاستیک,"بورس,سهام,شاخص,قرارداد",,لاستیک و پلاستیک
نماد پکیانح,A,1,"پکیانح,ح. لاستیک‌البرز",صنعت پلیمر و پلاستیک,"بورس,سهام,شاخص,قرارداد",,لاستیک و پلاستیک
نماد پلاست,A,1,"پلاست,پلاستیران‌",صنعت پلیمر و پلاستیک,"بورس,سهام,شاخص,قرارداد",,لاستیک و پلاستیک
نماد پلاستح,A,1,"پلاستح,ح. پلاستیران‌",صنعت پلیمر و پلاستیک,"بورس,سهام,شاخص,قرارداد",,لاستیک و پلاستیک
نماد پلاسک,A,1,"پلاسک,پلاسکوکار",صنعت پلیمر و پلاستیک,"بورس,سهام,شاخص,قرارداد",,لاستیک و پلاستیک
نماد پلاسکح,A,1,"پلاسکح,ح. پلاسکوکار",صنعت پلیمر و پلاستیک,"بورس,سهام,شاخص,قرارداد",,لاستیک و پلاستیک
نماد پلوله,A,1,"پلوله,گازلوله‌",صنعت پلیمر و پلاستیک,"بورس,سهام,شاخص,قرارداد",,لاستیک و پلاستیک
نماد پلولهح,A,1,"پلولهح,ح. گازلوله‌",صنعت پلیمر و پلاستیک,"بورس,سهام,شاخص,قرارداد",,لاستیک و پلاستیک
نماد پیزد,A,1,"پیزد,مجتمع‌صنایع‌لاستیک‌یزد",صنعت خودرو,"بورس,سهام,شاخص,قرارداد",,ماشین آلات و تجهیزات
نماد تاپیکو,A,1,"تاپیکو,س. نفت و گاز و پتروشیمی تأمین",صنعت شیمیایی و حلال‌ها,"بورس,سهام,شاخص,قرارداد",,محصولات شیمیایی
نماد تایرا,A,1,"تایرا,تراکتورسازی‌ایران‌",صنعت خودرو,"بورس,سهام,شاخص,قرارداد",,ماشین آلات و تجهیزات
نماد تایراح,A,1,"تایراح,ح. تراکتورسازی‌ایران‌",صنعت خودرو,"بورس,سهام,شاخص,قرارداد",,ماشین آلات و تجهیزات
نماد تپکو,A,1,"تپکو,تولیدتجهیزات‌سنگین‌هپکو",صنعت خودرو,"بورس,سهام,شاخص,قرارداد",,ماشین آلات و تجهیزات
نماد تپکوح,A,1,"تپکوح,ح. تولیدتجهیزات‌سنگین‌هپکو",صنعت خودرو,"بورس,سهام,شاخص,قرارداد",,ماشین آلات و تجهیزات
نماد تپمپی,A,1,"تپمپی,پمپ‌ سازی‌ ایران‌",صنعت خودرو,"بورس,سهام,شاخص,قرارداد",,ماشین آلات و تجهیزات
نماد تپمپیح,A,1,"تپمپیح,ح. پمپ‌ سازی‌ ایران‌",صنعت خودرو,"بورس,سهام,شاخص,قرارداد",,ماشین آلات و تجهیزات
نماد تراک,A,1,"تراک,ماشین‌آلات صنعتی تراکتورسازی‌",صنعت خودرو,"بورس,سهام,شاخص,قرارداد",,ماشین آلات و تجهیزات
نماد تراکح,A,1,"تراکح,ح. ماشین‌آلات صنعتی تراکتورسازی",صنعت خودرو,"بورس,سهام,شاخص,قرارداد",,ماشین آلات و تجهیزات
نماد تفیرو,A,1,"تفیرو,فیروزا",صنعت خودرو,"بورس,سهام,شاخص,قرارداد",,ماشین آلات و تجهیزات
نماد تفیروح,A,1,"تفیروح,ح. فیروزا",صنعت خودرو,"بورس,سهام,شاخص,قرارداد",,ماشین آلات و تجهیزات
نماد تکشا,A,1,"تکشا,گسترش‌صنایع‌وخدمات‌کشاورزی‌",صنعت خودرو,"بورس,سهام,شاخص,قرارداد",,ماشین آلات و تجهیزات
نماد تکشاح,A,1,"تکشاح,ح. صنایع‌وخدمات‌کشاورزی‌",صنعت خودرو,"بورس,سهام,شاخص,قرارداد",,ماشین آلات و تجهیزات
نماد تکمبا,A,1,"تکمبا,کمباین‌ سازی‌ ایران‌",صنعت خودرو,"بورس,سهام,شاخص,قرارداد",,ماشین آلات و تجهیزات
نماد تکمباح,A,1,"تکمباح,ح. کمباین‌ سازی‌ ایران‌",صنعت خودرو,"بورس,سهام,شاخص,قرارداد",,ماشین آلات و تجهیزات
نماد تکنو,A,1,"تکنو,تکنوتار",صنعت خودرو,"بورس,سهام,شاخص,قرارداد",,ماشین آلات و تجهیزات
نماد تکنوح,A,1,"تکنوح,ح. تکنوتار",صنعت خودرو,"بورس,سهام,شاخص,قرارداد",,ماشین آلات و تجهیزات
نماد تمحرکه,A,1,"تمحرکه,ماشین‌سازی‌نیرومحرکه‌",صنعت خودرو,"بورس,سهام,شاخص,قرارداد",,ماشین آلات و تجهیزات
نماد تمحرکهح,A,1,"تمحرکهح,ح. ماشین‌سازی‌نیرومحرکه‌",صنعت خودرو,"بورس,سهام,شاخص,قرارداد",,ماشین آلات و تجهیزات
نماد تیپیکو,A,1,"تیپیکو,سرمایه گذاری دارویی تامین",صنعت ابزار پزشکی و دارو,"بورس,سهام,شاخص,قرارداد",,مواد و محصولات دارویی
نماد ثاباد,A,1,"ثاباد,توریستی ورفاهی آبادگران ایران",صنعت راه و ساختمان,"بورس,سهام,شاخص,قرارداد",,"انبوه سازی, املاک و مستغلات"
نماد ثابادح,A,1,"ثابادح,ح. ‌توریستی‌ورفاهی‌آبادگران‌",صنعت راه و ساختمان,"بورس,سهام,شاخص,قرارداد",,"انبوه سازی, املاک و مستغلات"
نماد ثاخت,A,1,"ثاخت,بین‌المللی‌توسعه‌ساختمان",صنعت راه و ساختمان,"بورس,سهام,شاخص,قرارداد",,"انبوه سازی, املاک و مستغلات"
نماد ثاختح,A,1,"ثاختح,ح. بین‌المللی‌توسعه‌ساختمان",صنعت راه و ساختمان,"بورس,سهام,شاخص,قرارداد",,"انبوه سازی, املاک و مستغلات"
نماد ثاژن,A,1,"ثاژن,سخت‌ آژند",صنعت راه و ساختمان,"بورس,سهام,شاخص,قرارداد",,"انبوه سازی, املاک و مستغلات"
نماد ثاژنح,A,1,"ثاژنح,ح. سخت‌ آژند",صنعت راه و ساختمان,"بورس,سهام,شاخص,قرارداد",,"انبوه سازی, املاک و مستغلات"
نماد ثاصفا,A,1,"ثاصفا,ساختمان‌ اصفهان‌",صنعت راه و ساختمان,"بورس,سهام,شاخص,قرارداد",,"انبوه سازی, املاک و مستغلات"
نماد ثاصفاح,A,1,"ثاصفاح,ح. ‌ ساختمان‌ اصفهان‌",صنعت راه و ساختمان,"بورس,سهام,شاخص,قرارداد",,"انبوه سازی, املاک و مستغلات"
نماد ثامان,A,1,"ثامان,سامان‌ گستراصفهان‌",صنعت راه و ساختمان,"بورس,سهام,شاخص,قرارداد",,"انبوه سازی, املاک و مستغلات"
نماد ثامانح,A,1,"ثامانح,ح. سامان‌ گستراصفهان‌",صنعت راه و ساختمان,"بورس,سهام,شاخص,قرارداد",,"انبوه سازی, املاک و مستغلات"
نماد ثشاهد,A,1,"ثشاهد,سرمایه‌ گذاری‌ شاهد",صنعت راه و ساختمان,"بورس,سهام,شاخص,قرارداد",,"انبوه سازی, املاک و مستغلات"
نماد ثشاهدح,A,1,"ثشاهدح,ح. سرمایه‌ گذاری‌ شاهد",صنعت راه و ساختمان,"بورس,سهام,شاخص,قرارداد",,"انبوه سازی, املاک و مستغلات"
نماد ثشرق,A,1,"ثشرق,سرمایه گذاری مسکن شمال شرق",صنعت راه و ساختمان,"بورس,سهام,شاخص,قرارداد",,"انبوه سازی, املاک و مستغلات"
نماد ثشرقح,A,1,"ثشرقح,ح. سرمایه گذاری مسکن شمال شرق",صنعت راه و ساختمان,"بورس,سهام,شاخص,قرارداد",,"انبوه سازی, املاک و مستغلات"
نماد ثفارس,A,1,"ثفارس,عمران‌وتوسعه‌فارس‌",صنعت راه و ساختمان,"بورس,سهام,شاخص,قرارداد",,"انبوه سازی, املاک و مستغلات"
نماد ثفارسح,A,1,"ثفارسح,ح. عمران‌وتوسعه‌فارس‌",صنعت راه و ساختمان,"بورس,سهام,شاخص,قرارداد",,"انبوه سازی, املاک و مستغلات"
نماد ثمسکن,A,1,"ثمسکن,سرمایه‌گذاری‌ مسکن‌",صنعت راه و ساختمان,"بورس,سهام,شاخص,قرارداد",,"انبوه سازی, املاک و مستغلات"
نماد ثمسکنح,A,1,"ثمسکنح,ح. سرمایه‌گذاری‌ مسکن‌",صنعت راه و ساختمان,"بورس,سهام,شاخص,قرارداد",,"انبوه سازی, املاک و مستغلات"
نماد ثنوسا,A,1,"ثنوسا,نوسازی‌وساختمان‌تهران‌",صنعت راه و ساختمان,"بورس,سهام,شاخص,قرارداد",,"انبوه سازی, املاک و مستغلات"
نماد ثنوساح,A,1,"ثنوساح,ح. نوسازی‌وساختمان‌تهران‌",صنعت راه و ساختمان,"بورس,سهام,شاخص,قرارداد",,"انبوه سازی, املاک و مستغلات"
نماد جم,A,1,"جم,پتروشیمی جم",صنعت شیمیایی و حلال‌ها,"بورس,سهام,شاخص,قرارداد",,محصولات شیمیایی
نماد چافست,A,1,"چافست,افست‌",صنعت چاپ,"بورس,سهام,شاخص,قرارداد",,"انتشار, چاپ و تکثیر"
نماد چافستح,A,1,"چافستح,ح. افست‌",صنعت چاپ,"بورس,سهام,شاخص,قرارداد",,"انتشار, چاپ و تکثیر"
نماد چبسپا,A,1,"چبسپا,بسته‌ بندی‌ پارس‌",صنعت چاپ,"بورس,سهام,شاخص,قرارداد",,محصولات کاغذی
نماد چبسپاح,A,1,"چبسپاح,ح. بسته‌ بندی‌ پارس‌",صنعت چاپ,"بورس,سهام,شاخص,قرارداد",,محصولات کاغذی
نماد چفیبر,A,1,"چفیبر,فیبر ایران‌",,"بورس,سهام,شاخص,قرارداد",,محصولات چوبی
نماد چفیبرح,A,1,"چفیبرح,ح. فیبر ایران‌",,"بورس,سهام,شاخص,قرارداد",,محصولات چوبی
نماد چکارم,A,1,"چکارم,کارتن‌ مشهد",صنعت چاپ,"بورس,سهام,شاخص,قرارداد",,محصولات کاغذی
نماد چکارمح,A,1,"چکارمح,ح. کارتن‌ مشهد",صنعت چاپ,"بورس,سهام,شاخص,قرارداد",,محصولات کاغذی
نماد چکارن,A,1,"چکارن,کارتن‌ ایران‌",صنعت چاپ,"بورس,سهام,شاخص,قرارداد",,محصولات کاغذی
نماد چکارنح,A,1,"چکارنح,ح. کارتن‌ ایران‌",صنعت چاپ,"بورس,سهام,شاخص,قرارداد",,محصولات کاغذی
نماد چکاوه,A,1,"چکاوه,صنایع‌کاغذسازی‌کاوه‌",صنعت چاپ,"بورس,سهام,شاخص,قرارداد",,محصولات کاغذی
نماد چکاوهح,A,1,"چکاوهح,ح. صنایع‌کاغذسازی‌کاوه‌",صنعت چاپ,"بورس,سهام,شاخص,قرارداد",,محصولات کاغذی
نماد چنوپا,A,1,"چنوپا,نیوپان‌ ۲۲ بهمن‌",,"بورس,سهام,شاخص,قرارداد",,محصولات چوبی
نماد چنوپاح,A,1,"چنوپاح,ح. نیوپان‌ ۲۲ بهمن‌",,"بورس,سهام,شاخص,قرارداد",,محصولات چوبی
نماد حپترو,A,1,"حپترو,حمل و نقل پتروشیمی (سهامی عام",,"بورس,سهام,شاخص,قرارداد",,"حمل ونقل, انبارداری و ارتباطات"
نماد حپتروح,A,1,"حپتروح,ح. حمل و نقل پتروشیمی",,"بورس,سهام,شاخص,قرارداد",,"حمل ونقل, انبارداری و ارتباطات"
نماد حتاید,A,1,"حتاید,تایدواترخاورمیانه",,"بورس,سهام,شاخص,قرارداد",,"حمل ونقل, انبارداری و ارتباطات"
نماد حتایدح,A,1,"حتایدح,ح. تایدواترخاورمیانه‌",,"بورس,سهام,شاخص,قرارداد",,"حمل ونقل, انبارداری و ارتباطات"
نماد حتوکا,A,1,"حتوکا,حمل‌ونقل‌توکا",,"بورس,سهام,شاخص,قرارداد",,"حمل ونقل, انبارداری و ارتباطات"
نماد حتوکاح,A,1,"حتوکاح,ح. حمل‌ونقل‌توکا",,"بورس,سهام,شاخص,قرارداد",,"حمل ونقل, انبارداری و ارتباطات"
نماد حفارس,A,1,"حفارس,حمل و نقل بین المللی خلیج فارس",,"بورس,سهام,شاخص,قرارداد",,"حمل ونقل, انبارداری و ارتباطات"
نماد حفاری,A,1,"حفاری,حفاری شمال","صنعت نفت و گاز,صنعت پتروشیمی و پالایش","بورس,سهام,شاخص,قرارداد",,استخراج نفت گاز و خدمات جنبی جز اکتشاف
نماد حفجر,A,1,"حفجر,کشتیرانی والفجر",صنعت راه و ساختمان,"بورس,سهام,شاخص,قرارداد",,حمل و نقل آبی
نماد حکشتی,A,1,"حکشتی,کشتیرانی جمهوری اسلامی ایران",,"بورس,سهام,شاخص,قرارداد",,"حمل ونقل, انبارداری و ارتباطات"
نماد حکشتیح,A,1,"حکشتیح,ح. کشتیرانی ج. ا. ا",,"بورس,سهام,شاخص,قرارداد",,"حمل ونقل, انبارداری و ارتباطات"
نماد خاذین,A,1,"خاذین,سایپاآذین‌",صنعت خودرو,"بورس,سهام,شاخص,قرارداد",,خودرو و ساخت قطعات
نماد خاذینح,A,1,"خاذینح,ح. سایپاآذین‌",صنعت خودرو,"بورس,سهام,شاخص,قرارداد",,خودرو و ساخت قطعات
نماد خاهن,A,1,"خاهن,آهنگری‌ تراکتورسازی‌ ایران‌",صنعت خودرو,"بورس,سهام,شاخص,قرارداد",,خودرو و ساخت قطعات
نماد خاهنح,A,1,"خاهنح,ح. آهنگری تراکتورسازی‌ ایران‌",صنعت خودرو,"بورس,سهام,شاخص,قرارداد",,خودرو و ساخت قطعات
نماد خاور,A,1,"خاور,ایران‌ خودرودیزل‌",صنعت خودرو,"بورس,سهام,شاخص,قرارداد",,خودرو و ساخت قطعات
نماد خاورح,A,1,"خاورح,ح. ایران‌ خودرودیزل‌",صنعت خودرو,"بورس,سهام,شاخص,قرارداد",,خودرو و ساخت قطعات
نماد خبهمن,A,1,"خبهمن,گروه‌بهمن‌",صنعت خودرو,"بورس,سهام,شاخص,قرارداد",,خودرو و ساخت قطعات
نماد خبهمنح,A,1,"خبهمنح,ح. گروه‌بهمن‌",صنعت خودرو,"بورس,سهام,شاخص,قرارداد",,خودرو و ساخت قطعات
نماد خپارس,A,1,"خپارس,پارس‌ خودرو",صنعت خودرو,"بورس,سهام,شاخص,قرارداد",,خودرو و ساخت قطعات
نماد خپارسح,A,1,"خپارسح,ح. پارس‌ خودرو",صنعت خودرو,"بورس,سهام,شاخص,قرارداد",,خودرو و ساخت قطعات
نماد خپویش,A,1,"خپویش,سازه‌ پویش‌",صنعت خودرو,"بورس,سهام,شاخص,قرارداد",,خودرو و ساخت قطعات
نماد خپویشح,A,1,"خپویشح,ح. سازه‌ پویش‌",صنعت خودرو,"بورس,سهام,شاخص,قرارداد",,خودرو و ساخت قطعات
نماد ختراک,A,1,"ختراک,ریخته‌گری‌ تراکتورسازی‌ ایران‌",صنعت خودرو,"بورس,سهام,شاخص,قرارداد",,خودرو و ساخت قطعات
نماد ختراکح,A,1,"ختراکح,ح. ریخته‌گری‌ تراکتورسازی‌",صنعت خودرو,"بورس,سهام,شاخص,قرارداد",,خودرو و ساخت قطعات
نماد ختور,A,1,"ختور,رادیاتور ایران‌",صنعت خودرو,"بورس,سهام,شاخص,قرارداد",,خودرو و ساخت قطعات
نماد ختورح,A,1,"ختورح,ح. رادیاتور ایران‌",صنعت خودرو,"بورس,سهام,شاخص,قرارداد",,خودرو و ساخت قطعات
نماد ختوقا,A,1,"ختوقا,قطعات‌ اتومبیل‌ ایران‌",صنعت خودرو,"بورس,سهام,شاخص,قرارداد",,خودرو و ساخت قطعات
نماد ختوقاح,A,1,"ختوقاح,ح. قطعات‌ اتومبیل‌ ایران‌",صنعت خودرو,"بورس,سهام,شاخص,قرارداد",,خودرو و ساخت قطعات
نماد خچرخش,A,1,"خچرخش,چرخشگر",صنعت خودرو,"بورس,سهام,شاخص,قرارداد",,خودرو و ساخت قطعات
نماد خچرخشح,A,1,"خچرخشح,ح. چرخشگر",صنعت خودرو,"بورس,سهام,شاخص,قرارداد",,خودرو و ساخت قطعات
نماد خریخت,A,1,"خریخت,صنایع‌ریخته‌گری‌ایران‌",صنعت خودرو,"بورس,سهام,شاخص,قرارداد",,خودرو و ساخت قطعات
نماد خریختح,A,1,"خریختح,ح. صنایع‌ریخته‌گری‌ایران‌",صنعت خودرو,"بورس,سهام,شاخص,قرارداد",,خودرو و ساخت قطعات
نماد خرینگ,A,1,"خرینگ,رینگ‌سازی‌مشهد",صنعت خودرو,"بورس,سهام,شاخص,قرارداد",,خودرو و ساخت قطعات
نماد خرینگح,A,1,"خرینگح,ح. رینگ‌سازی‌مشهد",صنعت خودرو,"بورس,سهام,شاخص,قرارداد",,خودرو و ساخت قطعات
نماد خزامیا,A,1,"خزامیا,زامیاد",صنعت خودرو,"بورس,سهام,شاخص,قرارداد",,خودرو و ساخت قطعات
نماد خزامیاح,A,1,"خزامیاح,ح. زامیاد",صنعت خودرو,"بورس,سهام,شاخص,قرارداد",,خودرو و ساخت قطعات
نماد خزر,A,1,"خزر,فنرسازی‌زر",صنعت خودرو,"بورس,سهام,شاخص,قرارداد",,خودرو و ساخت قطعات
نماد خزرح,A,1,"خزرح,ح. فنرسازی‌زر",صنعت خودرو,"بورس,سهام,شاخص,قرارداد",,خودرو و ساخت قطعات
نماد خساپا,A,1,"خساپا,سایپا",صنعت خودرو,"بورس,سهام,شاخص,قرارداد",,خودرو و ساخت قطعات
نماد خساپاح,A,1,"خساپاح,ح. سایپا",صنعت خودرو,"بورس,سهام,شاخص,قرارداد",,خودرو و ساخت قطعات
نماد خشرق,A,1,"خشرق,الکتریک‌ خودرو شرق‌",صنعت خودرو,"بورس,سهام,شاخص,قرارداد",,خودرو و ساخت قطعات
نماد خشرقح,A,1,"خشرقح,ح. الکتریک‌ خودرو شرق‌",صنعت خودرو,"بورس,سهام,شاخص,قرارداد",,خودرو و ساخت قطعات
نماد خصدرا,A,1,"خصدرا,حذف-صنعتی‌ دریایی‌ ایران‌",,"بورس,سهام,شاخص,قرارداد",,پیمانکاری صنعتی
نماد خصدراح,A,1,"خصدراح,حذف-ح. صنعتی‌ دریایی‌ ایران‌",,"بورس,سهام,شاخص,قرارداد",,پیمانکاری صنعتی
نماد خفنر,A,1,"خفنر,فنرسازی‌خاور",صنعت خودرو,"بورس,سهام,شاخص,قرارداد",,خودرو و ساخت قطعات
نماد خفنرح,A,1,"خفنرح,ح. فنرسازی‌خاور",صنعت خودرو,"بورس,سهام,شاخص,قرارداد",,خودرو و ساخت قطعات
نماد خکار,A,1,"خکار,ایرکا پارت صنعت",صنعت خودرو,"بورس,سهام,شاخص,قرارداد",,خودرو و ساخت قطعات
نماد خکارح,A,1,"خکارح,ح. ایرکا پارت صنعت",صنعت خودرو,"بورس,سهام,شاخص,قرارداد",,خودرو و ساخت قطعات
نماد خکاوه,A,1,"خکاوه,سایپا دیزل‌",صنعت خودرو,"بورس,سهام,شاخص,قرارداد",,خودرو و ساخت قطعات
نماد خکاوهح,A,1,"خکاوهح,ح. سایپا دیزل‌",صنعت خودرو,"بورس,سهام,شاخص,قرارداد",,خودرو و ساخت قطعات
نماد خکمک,A,1,"خکمک,کمک‌فنرایندامین‌",صنعت خودرو,"بورس,سهام,شاخص,قرارداد",,خودرو و ساخت قطعات
نماد خکمکح,A,1,"خکمکح,ح. کمک‌فنرایندامین‌",صنعت خودرو,"بورس,سهام,شاخص,قرارداد",,خودرو و ساخت قطعات
نماد خگستر,A,1,"خگستر,گسترش‌سرمایه‌گذاری‌ایران‌خودرو",صنعت خودرو,"بورس,سهام,شاخص,قرارداد",,خودرو و ساخت قطعات
نماد خگسترح,A,1,"خگسترح,ح. سرمایه‌گذاری‌ایران‌خودرو",صنعت خودرو,"بورس,سهام,شاخص,قرارداد",,خودرو و ساخت قطعات
نماد خلنت,A,1,"خلنت,لنت‌ ترمزایران‌",صنعت خودرو,"بورس,سهام,شاخص,قرارداد",,خودرو و ساخت قطعات
نماد خلنتح,A,1,"خلنتح,ح. لنت‌ ترمزایران‌",صنعت خودرو,"بورس,سهام,شاخص,قرارداد",,خودرو و ساخت قطعات
نماد خمحرکه,A,1,"خمحرکه,نیرو محرکه‌",صنعت خودرو,"بورس,سهام,شاخص,قرارداد",,خودرو و ساخت قطعات
نماد خمحرکهح,A,1,"خمحرکهح,ح. نیرو محرکه‌",صنعت خودرو,"بورس,سهام,شاخص,قرارداد",,خودرو و ساخت قطعات
نماد خمحور,A,1,"خمحور,تولیدمحورخودرو",صنعت خودرو,"بورس,سهام,شاخص,قرارداد",,خودرو و ساخت قطعات
نماد خمحورح,A,1,"خمحورح,ح. تولیدمحورخودرو",صنعت خودرو,"بورس,سهام,شاخص,قرارداد",,خودرو و ساخت قطعات
نماد خمهر,A,1,"خمهر,مهرکام‌پارس‌",صنعت خودرو,"بورس,سهام,شاخص,قرارداد",,خودرو و ساخت قطعات
نماد خمهرح,A,1,"خمهرح,ح. مهرکام‌پارس‌",صنعت خودرو,"بورس,سهام,شاخص,قرارداد",,خودرو و ساخت قطعات
نماد خموتور,A,1,"خموتور,موتورسازان‌تراکتورسازی‌ایران‌",صنعت خودرو,"بورس,سهام,شاخص,قرارداد",,خودرو و ساخت قطعات
نماد خموتورح,A,1,"خموتورح,ح. موتورسازان‌تراکتورسازی‌",صنعت خودرو,"بورس,سهام,شاخص,قرارداد",,خودرو و ساخت قطعات
نماد خنصیر,A,1,"خنصیر,مهندسی‌نصیرماشین‌",صنعت خودرو,"بورس,سهام,شاخص,قرارداد",,خودرو و ساخت قطعات
نماد خنصیرح,A,1,"خنصیرح,ح. مهندسی‌نصیرماشین‌",صنعت خودرو,"بورس,سهام,شاخص,قرارداد",,خودرو و ساخت قطعات
نماد خودرو,A,2,"خودرو,ایران‌ خودرو",صنعت خودرو,"بورس,سهام,شاخص,قرارداد",,خودرو و ساخت قطعات
نماد خودروح,A,1,"خودروح,ح. ایران‌ خودرو",صنعت خودرو,"بورس,سهام,شاخص,قرارداد",,خودرو و ساخت قطعات
نماد خوساز,A,1,"خوساز,محورسازان‌ایران‌خودرو",صنعت خودرو,"بورس,سهام,شاخص,قرارداد",,خودرو و ساخت قطعات
نماد خوسازح,A,1,"خوسازح,ح. محورسازان‌ایران‌خودرو",صنعت خودرو,"بورس,سهام,شاخص,قرارداد",,خودرو و ساخت قطعات
نماد دابور,A,1,"دابور,داروسازی‌ ابوریحان‌",صنعت ابزار پزشکی و دارو,"بورس,سهام,شاخص,قرارداد",,مواد و محصولات دارویی
نماد دابورح,A,1,"دابورح,ح. داروسازی‌ ابوریحان‌",صنعت ابزار پزشکی و دارو,"بورس,سهام,شاخص,قرارداد",,مواد و محصولات دارویی
نماد دارو,A,1,"دارو,کارخانجات‌داروپخش‌",صنعت ابزار پزشکی و دارو,"بورس,سهام,شاخص,قرارداد",,مواد و محصولات دارویی
نماد داروح,A,1,"داروح,ح. کارخانجات‌داروپخش",صنعت ابزار پزشکی و دارو,"بورس,سهام,شاخص,قرارداد",,مواد و محصولات دارویی
نماد داسوه,A,1,"داسوه,داروسازی‌ اسوه‌",صنعت ابزار پزشکی و دارو,"بورس,سهام,شاخص,قرارداد",,مواد و محصولات دارویی
نماد داسوهح,A,1,"داسوهح,ح. داروسازی‌ اسوه‌",صنعت ابزار پزشکی و دارو,"بورس,سهام,شاخص,قرارداد",,مواد و محصولات دارویی
نماد دالبر,A,1,"دالبر,البرزدارو",صنعت ابزار پزشکی و دارو,"بورس,سهام,شاخص,قرارداد",,مواد و محصولات دارویی
نماد دالبرح,A,1,"دالبرح,ح. البرزدارو",صنعت ابزار پزشکی و دارو,"بورس,سهام,شاخص,قرارداد",,مواد و محصولات دارویی
نماد دامین,A,1,"دامین,داروسازی‌ امین‌",صنعت ابزار پزشکی و دارو,"بورس,سهام,شاخص,قرارداد",,مواد و محصولات دارویی
نماد دامینح,A,1,"دامینح,ح. داروسازی‌ امین‌",صنعت ابزار پزشکی و دارو,"بورس,سهام,شاخص,قرارداد",,مواد و محصولات دارویی
نماد دانا,A,1,"دانا,بیمه دانا",صنعت بانک و بیمه,"بورس,سهام,شاخص,قرارداد",,بیمه وصندوق بازنشستگی به جزتامین اجتماعی
نماد دپارس,A,1,"دپارس,پارس‌ دارو",صنعت ابزار پزشکی و دارو,"بورس,سهام,شاخص,قرارداد",,مواد و محصولات دارویی
نماد دپارسح,A,1,"دپارسح,ح. پارس‌ دارو",صنعت ابزار پزشکی و دارو,"بورس,سهام,شاخص,قرارداد",,مواد و محصولات دارویی
نماد دتماد,A,1,"دتماد,تولیدمواداولیه‌داروپخش‌",صنعت ابزار پزشکی و دارو,"بورس,سهام,شاخص,قرارداد",,مواد و محصولات دارویی
نماد دتمادح,A,1,"دتمادح,ح. تولیدمواداولیه‌داروپخش‌",صنعت ابزار پزشکی و دارو,"بورس,سهام,شاخص,قرارداد",,مواد و محصولات دارویی
نماد دتهران,A,1,"دتهران,داروسازی‌ تهران‌ دارو",صنعت ابزار پزشکی و دارو,"بورس,سهام,شاخص,قرارداد",,مواد و محصولات دارویی
نماد دتهرانح,A,1,"دتهرانح,ح. داروسازی‌ تهران‌ دارو",صنعت ابزار پزشکی و دارو,"بورس,سهام,شاخص,قرارداد",,مواد و محصولات دارویی
نماد دجابر,A,1,"دجابر,داروسازی‌ جابرابن‌حیان‌",صنعت ابزار پزشکی و دارو,"بورس,سهام,شاخص,قرارداد",,مواد و محصولات دارویی
نماد دجابرح,A,1,"دجابرح,ح. داروسازی‌ جابرابن‌حیان‌",صنعت ابزار پزشکی و دارو,"بورس,سهام,شاخص,قرارداد",,مواد و محصولات دارویی
نماد ددام,A,1,"ددام,داروسازی زاگرس فارمد پارس",صنعت ابزار پزشکی و دارو,"بورس,سهام,شاخص,قرارداد",,مواد و محصولات دارویی
نماد ددامح,A,1,"ددامح,ح. داروسازی زاگرس فارمد پارس",صنعت ابزار پزشکی و دارو,"بورس,سهام,شاخص,قرارداد",,مواد و محصولات دارویی
نماد درازک,A,1,"درازک,دارویی‌ رازک‌",صنعت ابزار پزشکی و دارو,"بورس,سهام,شاخص,قرارداد",,مواد و محصولات دارویی
نماد درازکح,A,1,"درازکح,ح. دارویی‌ رازک‌",صنعت ابزار پزشکی و دارو,"بورس,سهام,شاخص,قرارداد",,مواد و محصولات دارویی
نماد دروز,A,1,"دروز,داروسازی‌ روزدارو",صنعت ابزار پزشکی و دارو,"بورس,سهام,شاخص,قرارداد",,مواد و محصولات دارویی
نماد دروزح,A,1,"دروزح,ح. داروسازی‌ روزدارو",صنعت ابزار پزشکی و دارو,"بورس,سهام,شاخص,قرارداد",,مواد و محصولات دارویی
نماد دزهراوی,A,1,"دزهراوی,داروسازی‌زهراوی‌",صنعت ابزار پزشکی و دارو,"بورس,سهام,شاخص,قرارداد",,مواد و محصولات دارویی
نماد دزهراویح,A,1,"دزهراویح,ح. ‌داروسازی‌زهراوی‌",صنعت ابزار پزشکی و دارو,"بورس,سهام,شاخص,قرارداد",,مواد و محصولات دارویی
نماد دسبحا,A,1,"دسبحا,گروه دارویی سبحان",صنعت ابزار پزشکی و دارو,"بورس,سهام,شاخص,قرارداد",,مواد و محصولات دارویی
نماد دسبحاح,A,1,"دسبحاح,ح. گروه دارویی سبحان",صنعت ابزار پزشکی و دارو,"بورس,سهام,شاخص,قرارداد",,مواد و محصولات دارویی
نماد دسبحان,A,1,"دسبحان,سبحان دارو",صنعت ابزار پزشکی و دارو,"بورس,سهام,شاخص,قرارداد",,مواد و محصولات دارویی
نماد دسبحانح,A,1,"دسبحانح,ح. سبحان دارو",صنعت ابزار پزشکی و دارو,"بورس,سهام,شاخص,قرارداد",,مواد و محصولات دارویی
نماد دسینا,A,1,"دسینا,داروسازی‌ سینا",صنعت ابزار پزشکی و دارو,"بورس,سهام,شاخص,قرارداد",,مواد و محصولات دارویی
نماد دسیناح,A,1,"دسیناح,ح. داروسازی‌ سینا",صنعت ابزار پزشکی و دارو,"بورس,سهام,شاخص,قرارداد",,مواد و محصولات دارویی
نماد دشیمی,A,1,"دشیمی,شیمی‌ داروئی‌ داروپخش‌",صنعت ابزار پزشکی و دارو,"بورس,سهام,شاخص,قرارداد",,مواد و محصولات دارویی
نماد دشیمیح,A,1,"دشیمیح,ح. شیمی‌ داروئی‌ داروپخش‌",صنعت ابزار پزشکی و دارو,"بورس,سهام,شاخص,قرارداد",,مواد و محصولات دارویی
نماد دعبید,A,1,"دعبید,لابراتوارداروسازی‌ دکترعبیدی‌",صنعت ابزار پزشکی و دارو,"بورس,سهام,شاخص,قرارداد",,مواد و محصولات دارویی
نماد دعبیدح,A,1,"دعبیدح,ح. داروسازی‌ دکترعبیدی‌",صنعت ابزار پزشکی و دارو,"بورس,سهام,شاخص,قرارداد",,مواد و محصولات دارویی
نماد دفارا,A,1,"دفارا,داروسازی‌ فارابی‌",صنعت ابزار پزشکی و دارو,"بورس,سهام,شاخص,قرارداد",,مواد و محصولات دارویی
نماد دفاراح,A,1,"دفاراح,ح. داروسازی‌ فارابی‌",صنعت ابزار پزشکی و دارو,"بورس,سهام,شاخص,قرارداد",,مواد و محصولات دارویی
نماد دفرا,A,1,"دفرا,فرآورده‌های‌ تزریقی‌ ایران‌",صنعت ابزار پزشکی و دارو,"بورس,سهام,شاخص,قرارداد",,مواد و محصولات دارویی
نماد دفراح,A,1,"دفراح,ح. فرآورده‌های‌ تزریقی‌",صنعت ابزار پزشکی و دارو,"بورس,سهام,شاخص,قرارداد",,مواد و محصولات دارویی
نماد دکوثر,A,1,"دکوثر,داروسازی‌ کوثر",صنعت ابزار پزشکی و دارو,"بورس,سهام,شاخص,قرارداد",,مواد و محصولات دارویی
نماد دکوثرح,A,1,"دکوثرح,ح. داروسازی‌ کوثر",صنعت ابزار پزشکی و دارو,"بورس,سهام,شاخص,قرارداد",,مواد و محصولات دارویی
نماد دکیمی,A,1,"دکیمی,کیمیدارو",صنعت ابزار پزشکی و دارو,"بورس,سهام,شاخص,قرارداد",,مواد و محصولات دارویی
نماد دکیمیح,A,1,"دکیمیح,ح. کیمیدارو",صنعت ابزار پزشکی و دارو,"بورس,سهام,شاخص,قرارداد",,مواد و محصولات دارویی
نماد دلر,A,1,"دلر,داروسازی‌ اکسیر",صنعت ابزار پزشکی و دارو,"بورس,سهام,شاخص,قرارداد",,مواد و محصولات دارویی
نماد دلرح,A,1,"دلرح,ح. داروسازی‌ اکسیر",صنعت ابزار پزشکی و دارو,"بورس,سهام,شاخص,قرارداد",,مواد و محصولات دارویی
نماد دلقما,A,1,"دلقما,دارویی‌ لقمان‌",صنعت ابزار پزشکی و دارو,"بورس,سهام,شاخص,قرارداد",,مواد و محصولات دارویی
نماد دلقماح,A,1,"دلقماح,ح. دارویی‌ لقمان‌",صنعت ابزار پزشکی و دارو,"بورس,سهام,شاخص,قرارداد",,مواد و محصولات دارویی
نماد دیران,A,1,"دیران,ایران‌دارو",صنعت ابزار پزشکی و دارو,"بورس,سهام,شاخص,قرارداد",,مواد و محصولات دارویی
نماد دیرانح,A,1,"دیرانح,ح. ‌ایران‌دارو",صنعت ابزار پزشکی و دارو,"بورس,سهام,شاخص,قرارداد",,مواد و محصولات دارویی
نماد دیسشپ,A,1,"دیسشپ,دیس شپ",صنعت شیمیایی و حلال‌ها,"بورس,سهام,شاخص,قرارداد",,محصولات شیمیایی
نماد رانفور,A,1,"رانفور,خدمات‌انفورماتیک‌",ارتباطات و فناوری اطلاعات,"بورس,سهام,شاخص,قرارداد",,رایانه و فعالیت‌های وابسته به آن
نماد رانفورح,A,1,"رانفورح,ح. خدمات‌انفورماتیک‌",ارتباطات و فناوری اطلاعات,"بورس,سهام,شاخص,قرارداد",,رایانه و فعالیت‌های وابسته به آن
نماد رتاپ,A,1,"رتاپ,تجارت الکترونیک پارسیان",ارتباطات و فناوری اطلاعات,"بورس,سهام,شاخص,قرارداد",,رایانه و فعالیت‌های وابسته به آن
نماد رتاپح,A,1,"رتاپح,ح. تجارت الکترونیک پارسیان",ارتباطات و فناوری اطلاعات,"بورس,سهام,شاخص,قرارداد",,رایانه و فعالیت‌های وابسته به آن
نماد رتکو,A,1,"رتکو,کنترل‌خوردگی‌تکین‌کو",,"بورس,سهام,شاخص,قرارداد",,خدمات فنی و مهندسی
نماد رتکوح,A,1,"رتکوح,ح. کنترل‌خوردگی‌تکین‌کو",,"بورس,سهام,شاخص,قرارداد",,خدمات فنی و مهندسی
نماد رکیش,A,1,"رکیش,کارت اعتباری ایران کیش",ارتباطات و فناوری اطلاعات,"بورس,سهام,شاخص,قرارداد",,رایانه و فعالیت‌های وابسته به آن
نماد رکیشح,A,1,"رکیشح,ح. کارت اعتباری ایران کیش",ارتباطات و فناوری اطلاعات,"بورس,سهام,شاخص,قرارداد",,رایانه و فعالیت‌های وابسته به آن
نماد رمپنا,A,1,"رمپنا,گروه مپنا (سهامی عام)",,"بورس,سهام,شاخص,قرارداد",,خدمات فنی و مهندسی
نماد رمپناح,A,1,"رمپناح,ح. گروه مپنا (سهامی عام)",,"بورس,سهام,شاخص,قرارداد",,خدمات فنی و مهندسی
نماد زمگسا,A,1,"زمگسا,کشاورزی‌ ودامپروی‌ مگسال‌",صنعت غذا و کشاورزی,"بورس,سهام,شاخص,قرارداد",,زراعت و خدمات وابسته
نماد زمگساح,A,1,"زمگساح,ح. کشاورزی‌ ودامپروی‌ مگسال‌",صنعت غذا و کشاورزی,"بورس,سهام,شاخص,قرارداد",,زراعت و خدمات وابسته
نماد سابیک,A,1,"سابیک,سیمان آبیک",صنعت فلزات و معادن,"بورس,سهام,شاخص,قرارداد",,سایر محصولات کانی غیرفلزی
نماد ساذری,A,1,"ساذری,آذریت‌",صنعت فلزات و معادن,"بورس,سهام,شاخص,قرارداد",,سایر محصولات کانی غیرفلزی
نماد ساذریح,A,1,"ساذریح,ح. آذریت‌",صنعت فلزات و معادن,"بورس,سهام,شاخص,قرارداد",,سایر محصولات کانی غیرفلزی
نماد ساراب,A,1,"ساراب,سیمان‌ داراب‌","صنعت فلزات و معادن,صنعت راه و ساختمان","بورس,سهام,شاخص,قرارداد",,"سیمان, آهک و گچ"
نماد سارابح,A,1,"سارابح,ح. سیمان‌ داراب‌","صنعت فلزات و معادن,صنعت راه و ساختمان","بورس,سهام,شاخص,قرارداد",,"سیمان, آهک و گچ"
نماد ساربیل,A,1,"ساربیل,سیمان آرتا اردبیل","صنعت فلزات و معادن,صنعت راه و ساختمان","بورس,سهام,شاخص,قرارداد",,"سیمان, آهک و گچ"
نماد ساربیلح,A,1,"ساربیلح,ح. سیمان آرتا اردبیل","صنعت فلزات و معادن,صنعت راه و ساختمان","بورس,سهام,شاخص,قرارداد",,"سیمان, آهک و گچ"
نماد ساروم,A,1,"ساروم,سیمان‌ارومیه‌","صنعت فلزات و معادن,صنعت راه و ساختمان","بورس,سهام,شاخص,قرارداد",,"سیمان, آهک و گچ"
نماد سارومح,A,1,"سارومح,ح. سیمان‌ارومیه‌","صنعت فلزات و معادن,صنعت راه و ساختمان","بورس,سهام,شاخص,قرارداد",,"سیمان, آهک و گچ"
نماد ساوه,A,1,"ساوه,سیمان‌سفیدساوه‌","صنعت فلزات و معادن,صنعت راه و ساختمان","بورس,سهام,شاخص,قرارداد",,"سیمان, آهک و گچ"
نماد سایرا,A,1,"سایرا,ایرانیت‌",صنعت فلزات و معادن,"بورس,سهام,شاخص,قرارداد",,سایر محصولات کانی غیرفلزی
نماد سایراح,A,1,"سایراح,ح. ایرانیت‌",صنعت فلزات و معادن,"بورس,سهام,شاخص,قرارداد",,سایر محصولات کانی غیرفلزی
نماد سبجنو,A,1,"سبجنو,سیمان‌ بجنورد","صنعت فلزات و معادن,صنعت راه و ساختمان","بورس,سهام,شاخص,قرارداد",,"سیمان, آهک و گچ"
نماد سبجنوح,A,1,"سبجنوح,ح. سیمان‌ بجنورد","صنعت فلزات و معادن,صنعت راه و ساختمان","بورس,سهام,شاخص,قرارداد",,"سیمان, آهک و گچ"
نماد سبهان,A,1,"سبهان,سیمان‌ بهبهان‌","صنعت فلزات و معادن,صنعت راه و ساختمان","بورس,سهام,شاخص,قرارداد",,"سیمان, آهک و گچ"
نماد سبهانح,A,1,"سبهانح,ح. سیمان‌ بهبهان‌","صنعت فلزات و معادن,صنعت راه و ساختمان","بورس,سهام,شاخص,قرارداد",,"سیمان, آهک و گچ"
نماد سپاها,A,1,"سپاها,سیمان‌سپاهان‌","صنعت فلزات و معادن,صنعت راه و ساختمان","بورس,سهام,شاخص,قرارداد",,"سیمان, آهک و گچ"
نماد سپاهاح,A,1,"سپاهاح,ح. سیمان‌سپاهان‌","صنعت فلزات و معادن,صنعت راه و ساختمان","بورس,سهام,شاخص,قرارداد",,"سیمان, آهک و گچ"
نماد سپرمی,A,1,"سپرمی,پرمیت",صنعت فلزات و معادن,"بورس,سهام,شاخص,قرارداد",,سایر محصولات کانی غیرفلزی
نماد ستران,A,1,"ستران,سیمان‌ تهران‌","صنعت فلزات و معادن,صنعت راه و ساختمان","بورس,سهام,شاخص,قرارداد",,"سیمان, آهک و گچ"
نماد سترانح,A,1,"سترانح,ح. سیمان‌ تهران‌","صنعت فلزات و معادن,صنعت راه و ساختمان","بورس,سهام,شاخص,قرارداد",,"سیمان, آهک و گچ"
نماد سخاش,A,1,"سخاش,سیمان‌خاش‌","صنعت فلزات و معادن,صنعت راه و ساختمان","بورس,سهام,شاخص,قرارداد",,"سیمان, آهک و گچ"
نماد سخاشح,A,1,"سخاشح,ح. سیمان‌خاش‌","صنعت فلزات و معادن,صنعت راه و ساختمان","بورس,سهام,شاخص,قرارداد",,"سیمان, آهک و گچ"
نماد سخزر,A,1,"سخزر,سیمان‌ خزر","صنعت فلزات و معادن,صنعت راه و ساختمان","بورس,سهام,شاخص,قرارداد",,"سیمان, آهک و گچ"
نماد سخزرح,A,1,"سخزرح,ح. سیمان‌ خزر","صنعت فلزات و معادن,صنعت راه و ساختمان","بورس,سهام,شاخص,قرارداد",,"سیمان, آهک و گچ"
نماد سخوز,A,1,"سخوز,سیمان خوزستان","صنعت فلزات و معادن,صنعت راه و ساختمان","بورس,سهام,شاخص,قرارداد",,"سیمان, آهک و گچ"
نماد سدشت,A,1,"سدشت,صنایع سیمان دشتستان","صنعت فلزات و معادن,صنعت راه و ساختمان","بورس,سهام,شاخص,قرارداد",,"سیمان, آهک و گچ"
نماد سدشتح,A,1,"سدشتح,ح. صنایع سیمان دشتستان","صنعت فلزات و معادن,صنعت راه و ساختمان","بورس,سهام,شاخص,قرارداد",,"سیمان, آهک و گچ"
نماد سدور,A,1,"سدور,سیمان‌ دورود","صنعت فلزات و معادن,صنعت راه و ساختمان","بورس,سهام,شاخص,قرارداد",,"سیمان, آهک و گچ"
نماد سدورح,A,1,"سدورح,ح. سیمان‌ دورود","صنعت فلزات و معادن,صنعت راه و ساختمان","بورس,سهام,شاخص,قرارداد",,"سیمان, آهک و گچ"
نماد سرود,A,2,"سرود,سیمان‌شاهرود,سیمان,شاهرود","صنعت فلزات و معادن,صنعت راه و ساختمان","بورس,سهام,شاخص,قرارداد","سرود ملی,پخش","سیمان, آهک و گچ"
نماد سرودح,A,1,"سرودح,ح. سیمان‌شاهرود","صنعت فلزات و معادن,صنعت راه و ساختمان","بورس,سهام,شاخص,قرارداد",,"سیمان, آهک و گچ"
نماد سشرق,A,1,"سشرق,سیمان‌ شرق‌","صنعت فلزات و معادن,صنعت راه و ساختمان","بورس,سهام,شاخص,قرارداد",,"سیمان, آهک و گچ"
نماد سشرقح,A,1,"سشرقح,ح. سیمان‌ شرق‌","صنعت فلزات و معادن,صنعت راه و ساختمان","بورس,سهام,شاخص,قرارداد",,"سیمان, آهک و گچ"
نماد سشمال,A,1,"سشمال,سیمان‌ شمال‌","صنعت فلزات و معادن,صنعت راه و ساختمان","بورس,سهام,شاخص,قرارداد",,"سیمان, آهک و گچ"
نماد سشمالح,A,1,"سشمالح,ح. سیمان‌ شمال‌","صنعت فلزات و معادن,صنعت راه و ساختمان","بورس,سهام,شاخص,قرارداد",,"سیمان, آهک و گچ"
نماد سصفها,A,1,"سصفها,سیمان‌اصفهان‌","صنعت فلزات و معادن,صنعت راه و ساختمان","بورس,سهام,شاخص,قرارداد",,"سیمان, آهک و گچ"
نماد سصفهاح,A,1,"سصفهاح,ح. سیمان‌اصفهان‌","صنعت فلزات و معادن,صنعت راه و ساختمان","بورس,سهام,شاخص,قرارداد",,"سیمان, آهک و گچ"
نماد سصوفی,A,1,"سصوفی,سیمان‌ صوفیان‌","صنعت فلزات و معادن,صنعت راه و ساختمان","بورس,سهام,شاخص,قرارداد",,"سیمان, آهک و گچ"
نماد سصوفیح,A,1,"سصوفیح,ح. سیمان‌ صوفیان‌","صنعت فلزات و معادن,صنعت راه و ساختمان","بورس,سهام,شاخص,قرارداد",,"سیمان, آهک و گچ"
نماد سغدیر,A,1,"سغدیر,توسعه سرمایه و صنعت غدیر","صنعت فلزات و معادن,صنعت راه و ساختمان","بورس,سهام,شاخص,قرارداد",,"سیمان, آهک و گچ"
نماد سغرب,A,1,"سغرب,سیمان‌غرب‌","صنعت فلزات و معادن,صنعت راه و ساختمان","بورس,سهام,شاخص,قرارداد",,"سیمان, آهک و گچ"
نماد سغربح,A,1,"سغربح,ح. سیمان‌غرب‌","صنعت فلزات و معادن,صنعت راه و ساختمان","بورس,سهام,شاخص,قرارداد",,"سیمان, آهک و گچ"
نماد سفار,A,1,"سفار,سیمان‌فارس‌","صنعت فلزات و معادن,صنعت راه و ساختمان","بورس,سهام,شاخص,قرارداد",,"سیمان, آهک و گچ"
نماد سفارح,A,1,"سفارح,ح. سیمان‌فارس‌","صنعت فلزات و معادن,صنعت راه و ساختمان","بورس,سهام,شاخص,قرارداد",,"سیمان, آهک و گچ"
نماد سفارس,A,1,"سفارس,سیمان فارس و خوزستان","صنعت فلزات و معادن,صنعت راه و ساختمان","بورس,سهام,شاخص,قرارداد",,"سیمان, آهک و گچ"
نماد سفارسح,A,1,"سفارسح,ح. سیمان فارس و خوزستان","صنعت فلزات و معادن,صنعت راه و ساختمان","بورس,سهام,شاخص,قرارداد",,"سیمان, آهک و گچ"
نماد سفارود,A,1,"سفارود,کارخانه‌فارسیت‌درود",صنعت فلزات و معادن,"بورس,سهام,شاخص,قرارداد",,سایر محصولات کانی غیرفلزی
نماد سفارودح,A,1,"سفارودح,ح. کارخانه‌فارسیت‌درود",صنعت فلزات و معادن,"بورس,سهام,شاخص,قرارداد",,سایر محصولات کانی غیرفلزی
نماد سفاسیت,A,1,"سفاسیت,فارسیت‌ اهواز",صنعت فلزات و معادن,"بورس,سهام,شاخص,قرارداد",,سایر محصولات کانی غیرفلزی
نماد سفاسیتح,A,1,"سفاسیتح,ح. فارسیت‌ اهواز",صنعت فلزات و معادن,"بورس,سهام,شاخص,قرارداد",,سایر محصولات کانی غیرفلزی
نماد سفانو,A,1,"سفانو,سیمان فارس نو","صنعت فلزات و معادن,صنعت راه و ساختمان","بورس,سهام,شاخص,قرارداد",,"سیمان, آهک و گچ"
نماد سقاین,A,1,"سقاین,سیمان‌ قائن‌","صنعت فلزات و معادن,صنعت راه و ساختمان","بورس,سهام,شاخص,قرارداد",,"سیمان, آهک و گچ"
نماد سقاینح,A,1,"سقاینح,ح. سیمان‌ قائن‌","صنعت فلزات و معادن,صنعت راه و ساختمان","بورس,سهام,شاخص,قرارداد",,"سیمان, آهک و گچ"
نماد سکارون,A,1,"سکارون,سیمان‌ کارون‌","صنعت فلزات و معادن,صنعت راه و ساختمان","بورس,سهام,شاخص,قرارداد",,"سیمان, آهک و گچ"
نماد سکارونح,A,1,"سکارونح,ح. سیمان‌ کارون‌","صنعت فلزات و معادن,صنعت راه و ساختمان","بورس,سهام,شاخص,قرارداد",,"سیمان, آهک و گچ"
نماد سکرد,A,1,"سکرد,سیمان کردستان","صنعت فلزات و معادن,صنعت راه و ساختمان","بورس,سهام,شاخص,قرارداد",,"سیمان, آهک و گچ"
نماد سکردح,A,1,"سکردح,ح. سیمان کردستان","صنعت فلزات و معادن,صنعت راه و ساختمان","بورس,سهام,شاخص,قرارداد",,"سیمان, آهک و گچ"
نماد سکرما,A,1,"سکرما,سیمان‌ کرمان‌","صنعت فلزات و معادن,صنعت راه و ساختمان","بورس,سهام,شاخص,قرارداد",,"سیمان, آهک و گچ"
نماد سکرماح,A,1,"سکرماح,ح. سیمان‌ کرمان‌","صنعت فلزات و معادن,صنعت راه و ساختمان","بورس,سهام,شاخص,قرارداد",,"سیمان, آهک و گچ"
نماد سمازن,A,1,"سمازن,سیمان‌مازندران‌","صنعت فلزات و معادن,صنعت راه و ساختمان","بورس,سهام,شاخص,قرارداد",,"سیمان, آهک و گچ"
نماد سمازنح,A,1,"سمازنح,ح. سیمان‌مازندران‌","صنعت فلزات و معادن,صنعت راه و ساختمان","بورس,سهام,شاخص,قرارداد",,"سیمان, آهک و گچ"
نماد سنیر,A,1,"سنیر,سیمان‌ سفید نی‌ریز","صنعت فلزات و معادن,صنعت راه و ساختمان","بورس,سهام,شاخص,قرارداد",,"سیمان, آهک و گچ"
نماد سنیرح,A,1,"سنیرح,ح. سیمان‌ سفیدنی‌ریز","صنعت فلزات و معادن,صنعت راه و ساختمان","بورس,سهام,شاخص,قرارداد",,"سیمان, آهک و گچ"
نماد سهرمز,A,1,"سهرمز,سیمان‌هرمزگان‌","صنعت فلزات و معادن,صنعت راه و ساختمان","بورس,سهام,شاخص,قرارداد",,"سیمان, آهک و گچ"
نماد سهرمزح,A,1,"سهرمزح,ح. سیمان‌هرمزگان‌","صنعت فلزات و معادن,صنعت راه و ساختمان","بورس,سهام,شاخص,قرارداد",,"سیمان, آهک و گچ"
نماد سهگمت,A,1,"سهگمت,سیمان‌هگمتان‌","صنعت فلزات و معادن,صنعت راه و ساختمان","بورس,سهام,شاخص,قرارداد",,"سیمان, آهک و گچ"
نماد سهگمتح,A,1,"سهگمتح,ح. سیمان‌هگمتان‌","صنعت فلزات و معادن,صنعت راه و ساختمان","بورس,سهام,شاخص,قرارداد",,"سیمان, آهک و گچ"
نماد سیدکو,A,1,"سیدکو,سرمایه گذاری توسعه صنایع سیمان","صنعت فلزات و معادن,صنعت راه و ساختمان","بورس,سهام,شاخص,قرارداد",,"سیمان, آهک و گچ"
نماد سیلام,A,1,"سیلام,سیمان‌ ایلام‌","صنعت فلزات و معادن,صنعت راه و ساختمان","بورس,سهام,شاخص,قرارداد",,"سیمان, آهک و گچ"
نماد سیلامح,A,1,"سیلامح,ح. سیمان‌ ایلام‌","صنعت فلزات و معادن,صنعت راه و ساختمان","بورس,سهام,شاخص,قرارداد",,"سیمان, آهک و گچ"
نماد شاراک,A,1,"شاراک,پتروشیمی شازند",صنعت شیمیایی و حلال‌ها,"بورس,سهام,شاخص,قرارداد",,محصولات شیمیایی
نماد شاراکح,A,1,"شاراکح,ح. پتروشیمی شازند",صنعت شیمیایی و حلال‌ها,"بورس,سهام,شاخص,قرارداد",,محصولات شیمیایی
نماد شاملا,A,1,"شاملا,معدنی‌ املاح‌ ایران‌",صنعت شیمیایی و حلال‌ها,"بورس,سهام,شاخص,قرارداد",,محصولات شیمیایی
نماد شاملاح,A,1,"شاملاح,ح. معدنی‌ املاح‌ ایران‌",صنعت شیمیایی و حلال‌ها,"بورس,سهام,شاخص,قرارداد",,محصولات شیمیایی
نماد شبریز,A,1,"شبریز,پالایش نفت تبریز",صنعت نفت و گاز,"بورس,سهام,شاخص,قرارداد",,"فراورده‌های نفتی, کک و سوخت هسته‌ای"
نماد شبریزح,A,1,"شبریزح,ح. پالایش نفت تبریز",صنعت نفت و گاز,"بورس,سهام,شاخص,قرارداد",,"فراورده‌های نفتی, کک و سوخت هسته‌ای"
نماد شبندر,A,1,"شبندر,پالایش نفت بندرعباس",صنعت نفت و گاز,"بورس,سهام,شاخص,قرارداد",,"فراورده‌های نفتی, کک و سوخت هسته‌ای"
نماد شبهرن,A,1,"شبهرن,نفت‌ بهران‌",صنعت نفت و گاز,"بورس,سهام,شاخص,قرارداد",,"فراورده‌های نفتی, کک و سوخت هسته‌ای"
نماد شبهرنح,A,1,"شبهرنح,ح. نفت‌ بهران‌",صنعت نفت و گاز,"بورس,سهام,شاخص,قرارداد",,"فراورده‌های نفتی, کک و سوخت هسته‌ای"
نماد شپارس,A,1,"شپارس,بین‌ المللی‌ محصولات‌ پارس‌",صنعت شیمیایی و حلال‌ها,"بورس,سهام,شاخص,قرارداد",,محصولات شیمیایی
نماد شپارسح,A,1,"شپارسح,ح. بین‌ المللی‌محصولات پارس‌",صنعت شیمیایی و حلال‌ها,"بورس,سهام,شاخص,قرارداد",,محصولات شیمیایی
نماد شپاکسا,A,1,"شپاکسا,پاکسان‌",صنعت شیمیایی و حلال‌ها,"بورس,سهام,شاخص,قرارداد",,محصولات شیمیایی
نماد شپاکساح,A,1,"شپاکساح,ح. پاکسان‌",صنعت شیمیایی و حلال‌ها,"بورس,سهام,شاخص,قرارداد",,محصولات شیمیایی
نماد شپترو,A,1,"شپترو,پتروشیمی‌ آبادان‌",صنعت شیمیایی و حلال‌ها,"بورس,سهام,شاخص,قرارداد",,محصولات شیمیایی
نماد شپتروح,A,1,"شپتروح,ح. پتروشیمی‌ آبادان‌",صنعت شیمیایی و حلال‌ها,"بورس,سهام,شاخص,قرارداد",,محصولات شیمیایی
نماد شپدیس,A,1,"شپدیس,پتروشیمی پردیس",صنعت شیمیایی و حلال‌ها,"بورس,سهام,شاخص,قرارداد",,محصولات شیمیایی
نماد شپدیسح,A,1,"شپدیسح,ح. پتروشیمی پردیس",صنعت شیمیایی و حلال‌ها,"بورس,سهام,شاخص,قرارداد",,محصولات شیمیایی
نماد شپلی,A,1,"شپلی,پلی‌اکریل‌",صنعت شیمیایی و حلال‌ها,"بورس,سهام,شاخص,قرارداد",,محصولات شیمیایی
نماد شپلیح,A,1,"شپلیح,ح. پلی‌اکریل‌",صنعت شیمیایی و حلال‌ها,"بورس,سهام,شاخص,قرارداد",,محصولات شیمیایی
نماد شپمچا,A,1,"شپمچا,پارس‌ پامچال‌",صنعت شیمیایی و حلال‌ها,"بورس,سهام,شاخص,قرارداد",,محصولات شیمیایی
نماد شپمچاح,A,1,"شپمچاح,ح. پارس‌ پامچال‌",صنعت شیمیایی و حلال‌ها,"بورس,سهام,شاخص,قرارداد",,محصولات شیمیایی
نماد شپنا,A,1,"شپنا,پالایش نفت اصفهان",صنعت نفت و گاز,"بورس,سهام,شاخص,قرارداد",,"فراورده‌های نفتی, کک و سوخت هسته‌ای"
نماد شپناح,A,1,"شپناح,ح. پالایش نفت اصفهان",صنعت نفت و گاز,"بورس,سهام,شاخص,قرارداد",,"فراورده‌های نفتی, کک و سوخت هسته‌ای"
نماد شتران,A,1,"شتران,پالایش نفت تهران",صنعت نفت و گاز,"بورس,سهام,شاخص,قرارداد",,"فراورده‌های نفتی, کک و سوخت هسته‌ای"
نماد شتهران,A,1,"شتهران,تهران‌ شیمی‌",صنعت ابزار پزشکی و دارو,"بورس,سهام,شاخص,قرارداد",,مواد و محصولات دارویی
نماد شتهرانح,A,1,"شتهرانح,ح. تهران‌ شیمی‌",صنعت ابزار پزشکی و دارو,"بورس,سهام,شاخص,قرارداد",,مواد و محصولات دارویی
نماد شتولی,A,1,"شتولی,تولی‌پرس‌",صنعت شیمیایی و حلال‌ها,"بورس,سهام,شاخص,قرارداد",,محصولات شیمیایی
نماد شتولیح,A,1,"شتولیح,ح. تولی‌پرس‌",صنعت شیمیایی و حلال‌ها,"بورس,سهام,شاخص,قرارداد",,محصولات شیمیایی
نماد شجی,A,1,"شجی,شرکت نفت جی",صنعت نفت و گاز,"بورس,سهام,شاخص,قرارداد",,"فراورده‌های نفتی, کک و سوخت هسته‌ای"
نماد شخارک,A,1,"شخارک,پتروشیمی‌ خارک‌",صنعت شیمیایی و حلال‌ها,"بورس,سهام,شاخص,قرارداد",,محصولات شیمیایی
نماد شخارکح,A,1,"شخارکح,ح. پتروشیمی‌ خارک‌",صنعت شیمیایی و حلال‌ها,"بورس,سهام,شاخص,قرارداد",,محصولات شیمیایی
نماد شدوص,A,1,"شدوص,دوده‌ صنعتی‌ پارس‌",صنعت شیمیایی و حلال‌ها,"بورس,سهام,شاخص,قرارداد",,محصولات شیمیایی
نماد شدوصح,A,1,"شدوصح,ح. دوده‌ صنعتی‌ پارس‌",صنعت شیمیایی و حلال‌ها,"بورس,سهام,شاخص,قرارداد",,محصولات شیمیایی
نماد شرنگی,A,1,"شرنگی,صنعتی‌ رنگین‌",صنعت شیمیایی و حلال‌ها,"بورس,سهام,شاخص,قرارداد",,محصولات شیمیایی
نماد شرنگیح,A,1,"شرنگیح,ح. صنعتی رنگین",صنعت شیمیایی و حلال‌ها,"بورس,سهام,شاخص,قرارداد",,محصولات شیمیایی
نماد شزنگ,A,1,"شزنگ,تجهیزنیروی‌زنگان‌",صنعت نفت و گاز,"بورس,سهام,شاخص,قرارداد",,"فراورده‌های نفتی, کک و سوخت هسته‌ای"
نماد شزنگح,A,1,"شزنگح,ح. تجهیزنیروی‌زنگان‌",صنعت نفت و گاز,"بورس,سهام,شاخص,قرارداد",,"فراورده‌های نفتی, کک و سوخت هسته‌ای"
نماد شسپا,A,1,"شسپا,نفت سپاهان",صنعت نفت و گاز,"بورس,سهام,شاخص,قرارداد",,"فراورده‌های نفتی, کک و سوخت هسته‌ای"
نماد شسم,A,1,"شسم,تولید سموم‌ علف‌ کش",صنعت شیمیایی و حلال‌ها,"بورس,سهام,شاخص,قرارداد",,محصولات شیمیایی
نماد شسمح,A,1,"شسمح,ح. تولید سموم‌ علف‌ کش",صنعت شیمیایی و حلال‌ها,"بورس,سهام,شاخص,قرارداد",,محصولات شیمیایی
نماد شسینا,A,1,"شسینا,صنایع‌شیمیایی‌سینا",صنعت شیمیایی و حلال‌ها,"بورس,سهام,شاخص,قرارداد",,محصولات شیمیایی
نماد شسیناح,A,1,"شسیناح,ح. صنایع‌شیمیایی‌سینا",صنعت شیمیایی و حلال‌ها,"بورس,سهام,شاخص,قرارداد",,محصولات شیمیایی
نماد شصفها,A,1,"شصفها,پتروشیمی‌ اصفهان‌",صنعت شیمیایی و حلال‌ها,"بورس,سهام,شاخص,قرارداد",,محصولات شیمیایی
نماد شصفهاح,A,1,"شصفهاح,ح. پتروشیمی‌ اصفهان‌",صنعت شیمیایی و حلال‌ها,"بورس,سهام,شاخص,قرارداد",,محصولات شیمیایی
نماد شفارا,A,1,"شفارا,پتروشیمی‌فارابی‌",صنعت شیمیایی و حلال‌ها,"بورس,سهام,شاخص,قرارداد",,محصولات شیمیایی
نماد شفاراح,A,1,"شفاراح,ح. پتروشیمی‌فارابی‌",صنعت شیمیایی و حلال‌ها,"بورس,سهام,شاخص,قرارداد",,محصولات شیمیایی
نماد شفارس,A,1,"شفارس,صنایع‌ شیمیایی‌ فارس‌",صنعت شیمیایی و حلال‌ها,"بورس,سهام,شاخص,قرارداد",,محصولات شیمیایی
نماد شفارسح,A,1,"شفارسح,ح. صنایع‌ شیمیایی‌ فارس‌",صنعت شیمیایی و حلال‌ها,"بورس,سهام,شاخص,قرارداد",,محصولات شیمیایی
نماد شفن,A,1,"شفن,پتروشیمی فناوران",صنعت شیمیایی و حلال‌ها,"بورس,سهام,شاخص,قرارداد",,محصولات شیمیایی
نماد شفنح,A,1,"شفنح,ح. پتروشیمی فناوران",صنعت شیمیایی و حلال‌ها,"بورس,سهام,شاخص,قرارداد",,محصولات شیمیایی
نماد شکربن,A,1,"شکربن,کربن‌ ایران‌",صنعت شیمیایی و حلال‌ها,"بورس,سهام,شاخص,قرارداد",,محصولات شیمیایی
نماد شکربنح,A,1,"شکربنح,ح. کربن‌ ایران‌",صنعت شیمیایی و حلال‌ها,"بورس,سهام,شاخص,قرارداد",,محصولات شیمیایی
نماد شکف,A,1,"شکف,کف‌",صنعت شیمیایی و حلال‌ها,"بورس,سهام,شاخص,قرارداد",,محصولات شیمیایی
نماد شکفح,A,1,"شکفح,ح. کف‌",صنعت شیمیایی و حلال‌ها,"بورس,سهام,شاخص,قرارداد",,محصولات شیمیایی
نماد شکلر,A,1,"شکلر,نیروکلر",صنعت شیمیایی و حلال‌ها,"بورس,سهام,شاخص,قرارداد",,محصولات شیمیایی
نماد شکلرح,A,1,"شکلرح,ح. نیروکلر",صنعت شیمیایی و حلال‌ها,"بورس,سهام,شاخص,قرارداد",,محصولات شیمیایی
نماد شگل,A,1,"شگل,گلتاش‌",صنعت شیمیایی و حلال‌ها,"بورس,سهام,شاخص,قرارداد",,محصولات شیمیایی
نماد شگلح,A,1,"شگلح,ح. گلتاش‌",صنعت شیمیایی و حلال‌ها,"بورس,سهام,شاخص,قرارداد",,محصولات شیمیایی
نماد شلعاب,A,1,"شلعاب,لعابیران‌",صنعت شیمیایی و حلال‌ها,"بورس,سهام,شاخص,قرارداد",,محصولات شیمیایی
نماد شلعابح,A,1,"شلعابح,ح. لعابیران‌",صنعت شیمیایی و حلال‌ها,"بورس,سهام,شاخص,قرارداد",,محصولات شیمیایی
نماد شلوان,A,1,"شلوان,رنگ پارس الوان",صنعت شیمیایی و حلال‌ها,"بورس,سهام,شاخص,قرارداد",,محصولات شیمیایی
نماد شمواد,A,1,"شمواد,تولیدمواداولیه الیاف‌مصنوعی‌",صنعت شیمیایی و حلال‌ها,"بورس,سهام,شاخص,قرارداد",,محصولات شیمیایی
نماد شموادح,A,1,"شموادح,ح. مواداولیه‌الیاف‌مصنوعی‌",صنعت شیمیایی و حلال‌ها,"بورس,سهام,شاخص,قرارداد",,محصولات شیمیایی
نماد شنفت,A,1,"شنفت,نفت‌ پارس‌",صنعت نفت و گاز,"بورس,سهام,شاخص,قرارداد",,"فراورده‌های نفتی, کک و سوخت هسته‌ای"
نماد شنفتح,A,1,"شنفتح,ح. نفت‌ پارس‌",صنعت نفت و گاز,"بورس,سهام,شاخص,قرارداد",,"فراورده‌های نفتی, کک و سوخت هسته‌ای"
نماد شوش,A,1,"شوش,هنکل‌ پاک‌ وش‌",صنعت شیمیایی و حلال‌ها,"بورس,سهام,شاخص,قرارداد",,محصولات شیمیایی
نماد شوشح,A,1,"شوشح,ح. هنکل‌ پاک‌ وش‌",صنعت شیمیایی و حلال‌ها,"بورس,سهام,شاخص,قرارداد",,محصولات شیمیایی
نماد شیراز,A,1,"شیراز,پتروشیمی‌شیراز",صنعت شیمیایی و حلال‌ها,"بورس,سهام,شاخص,قرارداد",,محصولات شیمیایی
نماد شیرازح,A,1,"شیرازح,ح. پتروشیمی‌شیراز",صنعت شیمیایی و حلال‌ها,"بورس,سهام,شاخص,قرارداد",,محصولات شیمیایی
نماد شیران,A,1,"شیران,س. صنایع‌شیمیایی‌ایران",صنعت شیمیایی و حلال‌ها,"بورس,سهام,شاخص,قرارداد",,محصولات شیمیایی
نماد شیرانح,A,1,"شیرانح,ح. س. صنایع‌شیمیایی‌ایران‌",صنعت شیمیایی و حلال‌ها,"بورس,سهام,شاخص,قرارداد",,محصولات شیمیایی
نماد غاذر,A,1,"غاذر,کشت‌وصنعت‌پیاذر",صنعت غذا و کشاورزی,"بورس,سهام,شاخص,قرارداد",,محصولات غذایی و آشامیدنی به جز قند و شکر
نماد غاذرح,A,1,"غاذرح,ح. کشت‌وصنعت‌پیاذر",صنعت غذا و کشاورزی,"بورس,سهام,شاخص,قرارداد",,محصولات غذایی و آشامیدنی به جز قند و شکر
نماد غالبر,A,1,"غالبر,لبنیات‌کالبر",صنعت غذا و کشاورزی,"بورس,سهام,شاخص,قرارداد",,محصولات غذایی و آشامیدنی به جز قند و شکر
نماد غالبرح,A,1,"غالبرح,ح. لبنیات‌کالبر",صنعت غذا و کشاورزی,"بورس,سهام,شاخص,قرارداد",,محصولات غذایی و آشامیدنی به جز قند و شکر
نماد غبشهر,A,1,"غبشهر,صنعتی‌ بهشهر",صنعت غذا و کشاورزی,"بورس,سهام,شاخص,قرارداد",,محصولات غذایی و آشامیدنی به جز قند و شکر
نماد غبشهرح,A,1,"غبشهرح,ح. صنعتی‌ بهشهر",صنعت غذا و کشاورزی,"بورس,سهام,شاخص,قرارداد",,محصولات غذایی و آشامیدنی به جز قند و شکر
نماد غبهپاک,A,1,"غبهپاک,بهپاک‌",صنعت غذا و کشاورزی,"بورس,سهام,شاخص,قرارداد",,محصولات غذایی و آشامیدنی به جز قند و شکر
نماد غبهپاکح,A,1,"غبهپاکح,ح. بهپاک‌",صنعت غذا و کشاورزی,"بورس,سهام,شاخص,قرارداد",,محصولات غذایی و آشامیدنی به جز قند و شکر
نماد غبهنوش,A,1,"غبهنوش,بهنوش‌ ایران‌",صنعت غذا و کشاورزی,"بورس,سهام,شاخص,قرارداد",,محصولات غذایی و آشامیدنی به جز قند و شکر
نماد غبهنوشح,A,1,"غبهنوشح,ح. بهنوش‌ ایران‌",صنعت غذا و کشاورزی,"بورس,سهام,شاخص,قرارداد",,محصولات غذایی و آشامیدنی به جز قند و شکر
نماد غپاک,A,1,"غپاک,لبنیات‌ پاک‌",صنعت غذا و کشاورزی,"بورس,سهام,شاخص,قرارداد",,محصولات غذایی و آشامیدنی به جز قند و شکر
نماد غپاکح,A,1,"غپاکح,ح. لبنیات‌ پاک‌",صنعت غذا و کشاورزی,"بورس,سهام,شاخص,قرارداد",,محصولات غذایی و آشامیدنی به جز قند و شکر
نماد غپینو,A,1,"غپینو,پارس‌ مینو",صنعت غذا و کشاورزی,"بورس,سهام,شاخص,قرارداد",,محصولات غذایی و آشامیدنی به جز قند و شکر
نماد غپینوح,A,1,"غپینوح,ح. پارس‌ مینو",صنعت غذا و کشاورزی,"بورس,سهام,شاخص,قرارداد",,محصولات غذایی و آشامیدنی به جز قند و شکر
نماد غچین,A,1,"غچین,کشت‌ و صنعت‌ چین‌ چین",صنعت غذا و کشاورزی,"بورس,سهام,شاخص,قرارداد",,محصولات غذایی و آشامیدنی به جز قند و شکر
نماد غچینح,A,1,"غچینح,ح. کشت‌ و صنعت‌ چین‌ چین",صنعت غذا و کشاورزی,"بورس,سهام,شاخص,قرارداد",,محصولات غذایی و آشامیدنی به جز قند و شکر
نماد غدام,A,1,"غدام,خوراک‌ دام‌ پارس‌",صنعت غذا و کشاورزی,"بورس,سهام,شاخص,قرارداد",,محصولات غذایی و آشامیدنی به جز قند و شکر
نماد غدامح,A,1,"غدامح,ح. خوراک‌ دام‌ پارس‌",صنعت غذا و کشاورزی,"بورس,سهام,شاخص,قرارداد",,محصولات غذایی و آشامیدنی به جز قند و شکر
نماد غدشت,A,1,"غدشت,دشت‌ مرغاب‌",صنعت غذا و کشاورزی,"بورس,سهام,شاخص,قرارداد",,محصولات غذایی و آشامیدنی به جز قند و شکر
نماد غدشتح,A,1,"غدشتح,ح. دشت‌ مرغاب‌",صنعت غذا و کشاورزی,"بورس,سهام,شاخص,قرارداد",,محصولات غذایی و آشامیدنی به جز قند و شکر
نماد غساسا,A,1,غساسا,صنعت غذا و کشاورزی,"بورس,سهام,شاخص,قرارداد",,محصولات غذایی و آشامیدنی به جز قند و شکر
نماد غساساح,A,1,"غساساح,ح. ساسان‌",صنعت غذا و کشاورزی,"بورس,سهام,شاخص,قرارداد",,محصولات غذایی و آشامیدنی به جز قند و شکر
نماد غسالم,A,1,"غسالم,سالمین‌",صنعت غذا و کشاورزی,"بورس,سهام,شاخص,قرارداد",,محصولات غذایی و آشامیدنی به جز قند و شکر
نماد غسالمح,A,1,"غسالمح,ح. ‌سالمین‌",صنعت غذا و کشاورزی,"بورس,سهام,شاخص,قرارداد",,محصولات غذایی و آشامیدنی به جز قند و شکر
نماد غشاذر,A,1,"غشاذر,پگاه‌آذربایجان‌غربی‌",صنعت غذا و کشاورزی,"بورس,سهام,شاخص,قرارداد",,محصولات غذایی و آشامیدنی به جز قند و شکر
نماد غشاذرح,A,1,"غشاذرح,ح. ‌پگاه‌آذربایجان‌غربی‌",صنعت غذا و کشاورزی,"بورس,سهام,شاخص,قرارداد",,محصولات غذایی و آشامیدنی به جز قند و شکر
نماد غشان,A,1,"غشان,شیرپاستوریزه‌پگاه‌خراسان‌",صنعت غذا و کشاورزی,"بورس,سهام,شاخص,قرارداد",,محصولات غذایی و آشامیدنی به جز قند و شکر
نماد غشانح,A,1,"غشانح,ح. شیرپاستوریزه‌پگاه‌خراسان‌",صنعت غذا و کشاورزی,"بورس,سهام,شاخص,قرارداد",,محصولات غذایی و آشامیدنی به جز قند و شکر
نماد غشصفا,A,1,"غشصفا,شیرپاستوریزه‌پگاه‌اصفهان‌",صنعت غذا و کشاورزی,"بورس,سهام,شاخص,قرارداد",,محصولات غذایی و آشامیدنی به جز قند و شکر
نماد غشصفاح,A,1,"غشصفاح,ح. شیرپاستوریزه‌پگاه‌اصفهان‌",صنعت غذا و کشاورزی,"بورس,سهام,شاخص,قرارداد",,محصولات غذایی و آشامیدنی به جز قند و شکر
نماد غشهد,A,1,"غشهد,شهد ایران‌",صنعت غذا و کشاورزی,"بورس,سهام,شاخص,قرارداد",,محصولات غذایی و آشامیدنی به جز قند و شکر
نماد غشهدح,A,1,"غشهدح,ح. شهد ایران‌",صنعت غذا و کشاورزی,"بورس,سهام,شاخص,قرارداد",,محصولات غذایی و آشامیدنی به جز قند و شکر
نماد غگرجی,A,1,"غگرجی,بیسکویت‌ گرجی‌",صنعت غذا و کشاورزی,"بورس,سهام,شاخص,قرارداد",,محصولات غذایی و آشامیدنی به جز قند و شکر
نماد غگرجیح,A,1,"غگرجیح,ح. بیسکویت‌ گرجی‌",صنعت غذا و کشاورزی,"بورس,سهام,شاخص,قرارداد",,محصولات غذایی و آشامیدنی به جز قند و شکر
نماد غگل,A,1,"غگل,گلوکوزان‌",صنعت غذا و کشاورزی,"بورس,سهام,شاخص,قرارداد",,محصولات غذایی و آشامیدنی به جز قند و شکر
نماد غگلح,A,1,"غگلح,ح. گلوکوزان‌",صنعت غذا و کشاورزی,"بورس,سهام,شاخص,قرارداد",,محصولات غذایی و آشامیدنی به جز قند و شکر
نماد غمارگ,A,1,"غمارگ,مارگارین‌",صنعت غذا و کشاورزی,"بورس,سهام,شاخص,قرارداد",,محصولات غذایی و آشامیدنی به جز قند و شکر
نماد غمارگح,A,1,"غمارگح,ح. مارگارین‌",صنعت غذا و کشاورزی,"بورس,سهام,شاخص,قرارداد",,محصولات غذایی و آشامیدنی به جز قند و شکر
نماد غمهرا,A,1,"غمهرا,تولیدی‌مهرام‌",صنعت غذا و کشاورزی,"بورس,سهام,شاخص,قرارداد",,محصولات غذایی و آشامیدنی به جز قند و شکر
نماد غمهراح,A,1,"غمهراح,ح. تولیدی‌مهرام‌",صنعت غذا و کشاورزی,"بورس,سهام,شاخص,قرارداد",,محصولات غذایی و آشامیدنی به جز قند و شکر
نماد غناب,A,1,"غناب,روغن‌ نباتی‌ ناب‌",صنعت غذا و کشاورزی,"بورس,سهام,شاخص,قرارداد",,محصولات غذایی و آشامیدنی به جز قند و شکر
نماد غنابح,A,1,"غنابح,ح. روغن‌ نباتی‌ ناب‌",صنعت غذا و کشاورزی,"بورس,سهام,شاخص,قرارداد",,محصولات غذایی و آشامیدنی به جز قند و شکر
نماد غنوش,A,1,"غنوش,نوش‌ مازندران‌",صنعت غذا و کشاورزی,"بورس,سهام,شاخص,قرارداد",,محصولات غذایی و آشامیدنی به جز قند و شکر
نماد غنوشح,A,1,"غنوشح,ح. نوش‌مازندران‌",صنعت غذا و کشاورزی,"بورس,سهام,شاخص,قرارداد",,محصولات غذایی و آشامیدنی به جز قند و شکر
نماد غیوان,A,1,غیوان,صنعت غذا و کشاورزی,"بورس,سهام,شاخص,قرارداد",,محصولات غذایی و آشامیدنی به جز قند و شکر
نماد غیوانح,A,1,"غیوانح,ح. کیوان‌",صنعت غذا و کشاورزی,"بورس,سهام,شاخص,قرارداد",,محصولات غذایی و آشامیدنی به جز قند و شکر
نماد فاذر,A,1,"فاذر,صنایع‌ آذرآب‌",صنعت فلزات و معادن,"بورس,سهام,شاخص,قرارداد",,ساخت محصولات فلزی
نماد فاذرح,A,1,"فاذرح,ح. صنایع‌ آذرآب‌",صنعت فلزات و معادن,"بورس,سهام,شاخص,قرارداد",,ساخت محصولات فلزی
نماد فاراک,A,1,"فاراک,ماشین‌ سازی‌ اراک‌",صنعت فلزات و معادن,"بورس,سهام,شاخص,قرارداد",,ساخت محصولات فلزی
نماد فاراکح,A,1,"فاراکح,ح. ماشین‌ سازی‌ اراک‌",صنعت فلزات و معادن,"بورس,سهام,شاخص,قرارداد",,ساخت محصولات فلزی
نماد فارس,A,1,"فارس,صنایع پتروشیمی خلیج فارس",صنعت شیمیایی و حلال‌ها,"بورس,سهام,شاخص,قرارداد",,محصولات شیمیایی
نماد فاسمین,A,1,"فاسمین,کالسیمین‌",صنعت فلزات و معادن,"بورس,سهام,شاخص,قرارداد",,فلزات اساسی
نماد فاسمینح,A,1,"فاسمینح,ح. کالسیمین‌",صنعت فلزات و معادن,"بورس,سهام,شاخص,قرارداد",,فلزات اساسی
نماد فالوم,A,1,"فالوم,آلومتک‌",صنعت فلزات و معادن,"بورس,سهام,شاخص,قرارداد",,فلزات اساسی
نماد فالومح,A,1,"فالومح,ح. آلومتک‌",صنعت فلزات و معادن,"بورس,سهام,شاخص,قرارداد",,فلزات اساسی
نماد فاما,A,1,"فاما,صنعتی‌ آما",صنعت فلزات و معادن,"بورس,سهام,شاخص,قرارداد",,ساخت محصولات فلزی
نماد فاماح,A,1,"فاماح,ح. صنعتی‌ آما",صنعت فلزات و معادن,"بورس,سهام,شاخص,قرارداد",,ساخت محصولات فلزی
نماد فاهواز,A,1,"فاهواز,نوردولوله‌ اهواز",صنعت فلزات و معادن,"بورس,سهام,شاخص,قرارداد",,فلزات اساسی
نماد فاهوازح,A,1,"فاهوازح,ح. نوردولوله‌ اهواز",صنعت فلزات و معادن,"بورس,سهام,شاخص,قرارداد",,فلزات اساسی
نماد فایرا,A,1,"فایرا,آلومینیوم‌ایران‌",صنعت فلزات و معادن,"بورس,سهام,شاخص,قرارداد",,فلزات اساسی
نماد فایراح,A,1,"فایراح,ح. آلومینیوم‌ایران‌",صنعت فلزات و معادن,"بورس,سهام,شاخص,قرارداد",,فلزات اساسی
نماد فباهنر,A,1,"فباهنر,مس‌ شهیدباهنر",صنعت فلزات و معادن,"بورس,سهام,شاخص,قرارداد",,فلزات اساسی
نماد فباهنرح,A,1,"فباهنرح,ح. مس‌ شهیدباهنر",صنعت فلزات و معادن,"بورس,سهام,شاخص,قرارداد",,فلزات اساسی
نماد فبستم,A,1,"فبستم,صنایع‌بسته‌بندی‌ مشهد",صنعت فلزات و معادن,"بورس,سهام,شاخص,قرارداد",,ساخت محصولات فلزی
نماد فبستمح,A,1,"فبستمح,ح. صنایع‌بسته‌بندی‌ مشهد",صنعت فلزات و معادن,"بورس,سهام,شاخص,قرارداد",,ساخت محصولات فلزی
نماد فبیرا,A,1,"فبیرا,بسته‌ بندی‌ ایران‌",صنعت فلزات و معادن,"بورس,سهام,شاخص,قرارداد",,ساخت محصولات فلزی
نماد فبیراح,A,1,"فبیراح,ح. بسته‌ بندی‌ ایران‌",صنعت فلزات و معادن,"بورس,سهام,شاخص,قرارداد",,ساخت محصولات فلزی
نماد فپارس,A,1,"فپارس,آلومینیم‌ پارس‌",صنعت فلزات و معادن,"بورس,سهام,شاخص,قرارداد",,فلزات اساسی
نماد فپارسح,A,1,"فپارسح,ح. آلومینیم‌ پارس‌",صنعت فلزات و معادن,"بورس,سهام,شاخص,قرارداد",,فلزات اساسی
نماد فپنتا,A,1,"فپنتا,سپنتا",صنعت فلزات و معادن,"بورس,سهام,شاخص,قرارداد",,فلزات اساسی
نماد فپنتاح,A,1,"فپنتاح,ح. سپنتا",صنعت فلزات و معادن,"بورس,سهام,شاخص,قرارداد",,فلزات اساسی
نماد فجام,A,1,"فجام,جام‌دارو",صنعت فلزات و معادن,"بورس,سهام,شاخص,قرارداد",,ساخت محصولات فلزی
نماد فجامح,A,1,"فجامح,ح. جام‌دارو",صنعت فلزات و معادن,"بورس,سهام,شاخص,قرارداد",,ساخت محصولات فلزی
نماد فجر,A,2,"فجر,فولاد امیرکبیرکاشان,فولاد",صنعت فلزات و معادن,"بورس,سهام,شاخص,قرارداد",,فلزات اساسی
نماد فجرح,A,1,"فجرح,ح. فولاد امیر کبیر کاشان",صنعت فلزات و معادن,"بورس,سهام,شاخص,قرارداد",,فلزات اساسی
نماد فجوش,A,1,"فجوش,جوش‌ و اکسیژن‌ ایران‌",صنعت فلزات و معادن,"بورس,سهام,شاخص,قرارداد",,ساخت محصولات فلزی
نماد فجوشح,A,1,"فجوشح,ح. جوش‌ و اکسیژن‌ ایران‌",صنعت فلزات و معادن,"بورس,سهام,شاخص,قرارداد",,ساخت محصولات فلزی
نماد فخاس,A,1,"فخاس,فولاد خراسان",صنعت فلزات و معادن,"بورس,سهام,شاخص,قرارداد",,فلزات اساسی
نماد فخاسح,A,1,"فخاسح,ح. فولاد خراسان",صنعت فلزات و معادن,"بورس,سهام,شاخص,قرارداد",,فلزات اساسی
نماد فخوز,A,1,"فخوز,فولاد خوزستان",صنعت فلزات و معادن,"بورس,سهام,شاخص,قرارداد",,فلزات اساسی
نماد فخوزح,A,1,"فخوزح,ح. فولاد خوزستان",صنعت فلزات و معادن,"بورس,سهام,شاخص,قرارداد",,فلزات اساسی
نماد فرآور,A,1,"فرآور,فرآوری‌موادمعدنی‌ایران‌",صنعت فلزات و معادن,"بورس,سهام,شاخص,قرارداد",,فلزات اساسی
نماد فرآورح,A,1,"فرآورح,ح. فرآوری‌موادمعدنی‌ایران‌",صنعت فلزات و معادن,"بورس,سهام,شاخص,قرارداد",,فلزات اساسی
نماد فروس,A,1,"فروس,فروسیلیس‌ ایران‌",صنعت فلزات و معادن,"بورس,سهام,شاخص,قرارداد",,فلزات اساسی
نماد فروسح,A,1,"فروسح,ح. فروسیلیس‌ ایران‌",صنعت فلزات و معادن,"بورس,سهام,شاخص,قرارداد",,فلزات اساسی
نماد فروم,A,1,"فروم,تولیدفرومولیبدن‌کرمان‌",صنعت فلزات و معادن,"بورس,سهام,شاخص,قرارداد",,فلزات اساسی
نماد فرومح,A,1,"فرومح,ح. تولیدفرومولیبدن‌کرمان‌",صنعت فلزات و معادن,"بورس,سهام,شاخص,قرارداد",,فلزات اساسی
نماد فساز,A,1,"فساز,لوله‌سازی‌اهواز",صنعت فلزات و معادن,"بورس,سهام,شاخص,قرارداد",,فلزات اساسی
نماد فسپا,A,1,"فسپا,گروه‌صنعتی‌سپاهان‌",صنعت فلزات و معادن,"بورس,سهام,شاخص,قرارداد",,فلزات اساسی
نماد فسپاح,A,1,"فسپاح,ح. گروه‌صنعتی‌سپاهان‌",صنعت فلزات و معادن,"بورس,سهام,شاخص,قرارداد",,فلزات اساسی
نماد فسدید,A,1,"فسدید,لوله و تجهیزات سدید",صنعت فلزات و معادن,"بورس,سهام,شاخص,قرارداد",,فلزات اساسی
نماد فسدیدح,A,1,"فسدیدح,ح. لوله و تجهیزات سدید",صنعت فلزات و معادن,"بورس,سهام,شاخص,قرارداد",,فلزات اساسی
نماد فسرب,A,1,"فسرب,ملی‌ سرب‌وروی‌ ایران‌",صنعت فلزات و معادن,"بورس,سهام,شاخص,قرارداد",,فلزات اساسی
نماد فسربح,A,1,"فسربح,ح. ملی‌ سرب‌وروی‌ ایران‌",صنعت فلزات و معادن,"بورس,سهام,شاخص,قرارداد",,فلزات اساسی
نماد فسلیر,A,1,"فسلیر,سولیران‌",صنعت فلزات و معادن,"بورس,سهام,شاخص,قرارداد",,ساخت محصولات فلزی
نماد فسلیرح,A,1,"فسلیرح,ح. سولیران‌",صنعت فلزات و معادن,"بورس,سهام,شاخص,قرارداد",,ساخت محصولات فلزی
نماد فلامی,A,1,"فلامی,لامیران‌",صنعت فلزات و معادن,"بورس,سهام,شاخص,قرارداد",,ساخت محصولات فلزی
نماد فلامیح,A,1,"فلامیح,ح. لامیران‌",صنعت فلزات و معادن,"بورس,سهام,شاخص,قرارداد",,ساخت محصولات فلزی
نماد فلوله,A,1,"فلوله,لوله‌وماشین‌سازی‌ایران‌",صنعت فلزات و معادن,"بورس,سهام,شاخص,قرارداد",,فلزات اساسی
نماد فلولهح,A,1,"فلولهح,ح. لوله‌وماشین‌سازی‌ایران‌",صنعت فلزات و معادن,"بورس,سهام,شاخص,قرارداد",,فلزات اساسی
نماد فمتال,A,1,"فمتال,پارس‌ متال‌",صنعت فلزات و معادن,"بورس,سهام,شاخص,قرارداد",,فلزات اساسی
نماد فمتالح,A,1,"فمتالح,ح. پارس‌ متال‌",صنعت فلزات و معادن,"بورس,سهام,شاخص,قرارداد",,فلزات اساسی
نماد فمراد,A,1,"فمراد,آلومراد",صنعت فلزات و معادن,"بورس,سهام,شاخص,قرارداد",,فلزات اساسی
نماد فمرادح,A,1,"فمرادح,ح. آلومراد",صنعت فلزات و معادن,"بورس,سهام,شاخص,قرارداد",,فلزات اساسی
نماد فملی,A,1,"فملی,ملی‌ صنایع‌ مس‌ ایران‌",صنعت فلزات و معادن,"بورس,سهام,شاخص,قرارداد",,فلزات اساسی
نماد فملیح,A,1,"فملیح,ح. ملی‌ صنایع‌ مس‌ ایران‌",صنعت فلزات و معادن,"بورس,سهام,شاخص,قرارداد",,فلزات اساسی
نماد فنرژی,A,1,"فنرژی,گسترش‌صنایع‌انرژی‌آذرآب‌",صنعت فلزات و معادن,"بورس,سهام,شاخص,قرارداد",,ساخت محصولات فلزی
نماد فنرژیح,A,1,"فنرژیح,ح. گسترش‌صنایع‌انرژی‌آذرآب‌",صنعت فلزات و معادن,"بورس,سهام,شاخص,قرارداد",,ساخت محصولات فلزی
نماد فنوال,A,1,"فنوال,نورد آلومینیوم‌",صنعت فلزات و معادن,"بورس,سهام,شاخص,قرارداد",,فلزات اساسی
نماد فنوالح,A,1,"فنوالح,ح. نورد آلومینیوم‌",صنعت فلزات و معادن,"بورس,سهام,شاخص,قرارداد",,فلزات اساسی
نماد فنورد,A,1,"فنورد,نوردوقطعات‌ فولادی‌",صنعت فلزات و معادن,"بورس,سهام,شاخص,قرارداد",,فلزات اساسی
نماد فنوردح,A,1,"فنوردح,ح. نوردوقطعات‌ فولادی‌",صنعت فلزات و معادن,"بورس,سهام,شاخص,قرارداد",,فلزات اساسی
نماد فوکا,A,1,"فوکا,فولادکاویان‌",صنعت فلزات و معادن,"بورس,سهام,شاخص,قرارداد",,فلزات اساسی
نماد فوکاح,A,1,"فوکاح,ح. فولادکاویان‌",صنعت فلزات و معادن,"بورس,سهام,شاخص,قرارداد",,فلزات اساسی
نماد فولاد,A,1,"فولاد,فولاد مبارکه اصفهان",صنعت فلزات و معادن,"بورس,سهام,شاخص,قرارداد",,فلزات اساسی
نماد فولادح,A,1,"فولادح,ح. فولاد مبارکه اصفهان",صنعت فلزات و معادن,"بورس,سهام,شاخص,قرارداد",,فلزات اساسی
نماد فولاژ,A,1,"فولاژ,فولاد آلیاژی ایران",صنعت فلزات و معادن,"بورس,سهام,شاخص,قرارداد",,فلزات اساسی
نماد فولاژح,A,1,"فولاژح,ح. فولاد آلیاژی ایران",صنعت فلزات و معادن,"بورس,سهام,شاخص,قرارداد",,فلزات اساسی
نماد قپارس,A,1,"قپارس,قندپارس‌",صنعت غذا و کشاورزی,"بورس,سهام,شاخص,قرارداد",,قند و شکر
نماد قپارسح,A,1,"قپارسح,ح. قندپارس‌",صنعت غذا و کشاورزی,"بورس,سهام,شاخص,قرارداد",,قند و شکر
نماد قپیرا,A,1,"قپیرا,فرآورده‌های‌غدایی‌وقندپیرانشهر",صنعت غذا و کشاورزی,"بورس,سهام,شاخص,قرارداد",,قند و شکر
نماد قپیراح,A,1,"قپیراح,ح. قندپیرانشهر",صنعت غذا و کشاورزی,"بورس,سهام,شاخص,قرارداد",,قند و شکر
نماد قثابت,A,1,"قثابت,قند ثابت‌ خراسان‌",صنعت غذا و کشاورزی,"بورس,سهام,شاخص,قرارداد",,قند و شکر
نماد قثابتح,A,1,"قثابتح,ح. قند ثابت‌ خراسان‌",صنعت غذا و کشاورزی,"بورس,سهام,شاخص,قرارداد",,قند و شکر
نماد قجام,A,1,"قجام,فرآوردههای غذایی وقندتربت‌جام‌",صنعت غذا و کشاورزی,"بورس,سهام,شاخص,قرارداد",,قند و شکر
نماد قجامح,A,1,"قجامح,ح. غذایی و قنتربت‌جام‌",صنعت غذا و کشاورزی,"بورس,سهام,شاخص,قرارداد",,قند و شکر
نماد قزوین,A,1,"قند قزوین,کارخانجات‌ قند قزوین‌",صنعت غذا و کشاورزی,"بورس,سهام,شاخص,قرارداد",,قند و شکر
نماد قزوینح,A,1,"قزوینح,ح. کارخانجات‌ قند قزوین‌",صنعت غذا و کشاورزی,"بورس,سهام,شاخص,قرارداد",,قند و شکر
نماد قستان,A,1,"قستان,قند قهستان‌",صنعت غذا و کشاورزی,"بورس,سهام,شاخص,قرارداد",,قند و شکر
نماد قستانح,A,1,"قستانح,ح. قند قهستان‌",صنعت غذا و کشاورزی,"بورس,سهام,شاخص,قرارداد",,قند و شکر
نماد قستون,A,1,"قستون,قند بیستون‌",صنعت غذا و کشاورزی,"بورس,سهام,شاخص,قرارداد",,قند و شکر
نماد قستونح,A,1,"قستونح,ح. قند بیستون‌",صنعت غذا و کشاورزی,"بورس,سهام,شاخص,قرارداد",,قند و شکر
نماد قشرین,A,1,"قشرین,قند شیرین‌ خراسان‌",صنعت غذا و کشاورزی,"بورس,سهام,شاخص,قرارداد",,قند و شکر
نماد قشرینح,A,1,"قشرینح,ح. قند شیرین‌ خراسان‌",صنعت غذا و کشاورزی,"بورس,سهام,شاخص,قرارداد",,قند و شکر
نماد قشکر,A,1,"قشکر,شکرشاهرود",صنعت غذا و کشاورزی,"بورس,سهام,شاخص,قرارداد",,قند و شکر
نماد قشکرح,A,1,"قشکرح,ح. ‌ شکرشاهرود",صنعت غذا و کشاورزی,"بورس,سهام,شاخص,قرارداد",,قند و شکر
نماد قشهد,A,1,"قشهد,شهد",صنعت غذا و کشاورزی,"بورس,سهام,شاخص,قرارداد",,قند و شکر
نماد قشهدح,A,1,"قشهدح,ح. شهد",صنعت غذا و کشاورزی,"بورس,سهام,شاخص,قرارداد",,قند و شکر
نماد قشیر,A,1,"قشیر,قندشیروان‌, قوچان‌ وبجنورد",صنعت غذا و کشاورزی,"بورس,سهام,شاخص,قرارداد",,قند و شکر
نماد قشیرح,A,1,"قشیرح,ح. قندشیروان‌, قوچان‌ وبجنورد",صنعت غذا و کشاورزی,"بورس,سهام,شاخص,قرارداد",,قند و شکر
نماد قصفها,A,1,"قصفها,قنداصفهان‌",صنعت غذا و کشاورزی,"بورس,سهام,شاخص,قرارداد",,قند و شکر
نماد قصفهاح,A,1,"قصفهاح,ح. قنداصفهان‌",صنعت غذا و کشاورزی,"بورس,سهام,شاخص,قرارداد",,قند و شکر
نماد قلرست,A,1,"قلرست,قند لرستان‌",صنعت غذا و کشاورزی,"بورس,سهام,شاخص,قرارداد",,قند و شکر
نماد قلرستح,A,1,"قلرستح,ح. قند لرستان‌",صنعت غذا و کشاورزی,"بورس,سهام,شاخص,قرارداد",,قند و شکر
نماد قمرو,A,1,"قمرو,قند مرودشت‌",صنعت غذا و کشاورزی,"بورس,سهام,شاخص,قرارداد",,قند و شکر
نماد قمروح,A,1,"قمروح,ح. قند مرودشت‌",صنعت غذا و کشاورزی,"بورس,سهام,شاخص,قرارداد",,قند و شکر
نماد قنقش,A,1,"قنقش,قندنقش‌جهان‌",صنعت غذا و کشاورزی,"بورس,سهام,شاخص,قرارداد",,قند و شکر
نماد قنقشح,A,1,"قنقشح,ح. قندنقش‌جهان‌",صنعت غذا و کشاورزی,"بورس,سهام,شاخص,قرارداد",,قند و شکر
نماد قنیشا,A,1,"قنیشا,قند نیشابور",صنعت غذا و کشاورزی,"بورس,سهام,شاخص,قرارداد",,قند و شکر
نماد قنیشاح,A,1,"قنیشاح,ح. قند نیشابور",صنعت غذا و کشاورزی,"بورس,سهام,شاخص,قرارداد",,قند و شکر
نماد قهکمت,A,1,"قهکمت,قندهکمتان‌",صنعت غذا و کشاورزی,"بورس,سهام,شاخص,قرارداد",,قند و شکر
نماد قهکمتح,A,1,"قهکمتح,ح. قندهکمتان‌",صنعت غذا و کشاورزی,"بورس,سهام,شاخص,قرارداد",,قند و شکر
نماد کابگن,A,1,"کابگن,آبگینه‌",صنعت فلزات و معادن,"بورس,سهام,شاخص,قرارداد",,سایر محصولات کانی غیرفلزی
نماد کابگنح,A,1,"کابگنح,ح. آبگینه‌",صنعت فلزات و معادن,"بورس,سهام,شاخص,قرارداد",,سایر محصولات کانی غیرفلزی
نماد کاذر,A,1,"کاذر,فرآورده‌های‌نسوزآذر,",صنعت فلزات و معادن,"بورس,سهام,شاخص,قرارداد",,سایر محصولات کانی غیرفلزی
نماد کاذرح,A,1,"کاذرح,ح. فرآورده‌های‌نسوزآذر",صنعت فلزات و معادن,"بورس,سهام,شاخص,قرارداد",,سایر محصولات کانی غیرفلزی
نماد کاصفا,A,1,"کاصفا,کاشی‌ اصفهان‌","صنعت فلزات و معادن,صنعت راه و ساختمان","بورس,سهام,شاخص,قرارداد",,کاشی و سرامیک
نماد کاصفاح,A,1,"کاصفاح,ح. کاشی‌ اصفهان‌","صنعت فلزات و معادن,صنعت راه و ساختمان","بورس,سهام,شاخص,قرارداد",,کاشی و سرامیک
نماد کاما,A,1,"کاما,باما",صنعت فلزات و معادن,"بورس,سهام,شاخص,قرارداد",,استخراج کانه‌های فلزی
نماد کاماح,A,1,"کاماح,ح. باما",صنعت فلزات و معادن,"بورس,سهام,شاخص,قرارداد",,استخراج کانه‌های فلزی
نماد کاوه,A,1,"فولاد کاوه,فولاد کاوه جنوب کیش",صنعت فلزات و معادن,"بورس,سهام,شاخص,قرارداد",,فلزات اساسی
نماد کایتا,A,1,"کایتا,ایتالران‌",صنعت فلزات و معادن,"بورس,سهام,شاخص,قرارداد",,سایر محصولات کانی غیرفلزی
نماد کایتاح,A,1,"کایتاح,ح. ایتالران‌",صنعت فلزات و معادن,"بورس,سهام,شاخص,قرارداد",,سایر محصولات کانی غیرفلزی
نماد کایگچ,A,1,"کایگچ,ایران‌ گچ‌","صنعت فلزات و معادن,صنعت راه و ساختمان","بورس,سهام,شاخص,قرارداد",,"سیمان, آهک و گچ"
نماد کایگچح,A,1,"کایگچح,ح. ایران‌ گچ‌","صنعت فلزات و معادن,صنعت راه و ساختمان","بورس,سهام,شاخص,قرارداد",,"سیمان, آهک و گچ"
نماد کبافق,A,1,"کبافق,معادن‌ بافق‌",صنعت فلزات و معادن,"بورس,سهام,شاخص,قرارداد",,استخراج کانه‌های فلزی
نماد کبافقح,A,1,"کبافقح,ح. معادن‌ بافق‌",صنعت فلزات و معادن,"بورس,سهام,شاخص,قرارداد",,استخراج کانه‌های فلزی
نماد کبورس,A,1,"کبورس,کارگزاران بورس اوراق بهادار",صنعت بانک و بیمه,"بورس,سهام,شاخص,قرارداد",,فعالیتهای کمکی به نهادهای مالی واسط
نماد کپارس,A,1,"کپارس,کاشی‌ پارس‌","صنعت فلزات و معادن,صنعت راه و ساختمان","بورس,سهام,شاخص,قرارداد",,کاشی و سرامیک
نماد کپارسح,A,1,"کپارسح,ح. کاشی‌ پارس‌","صنعت فلزات و معادن,صنعت راه و ساختمان","بورس,سهام,شاخص,قرارداد",,کاشی و سرامیک
نماد کپشیر,A,1,"کپشیر,پشم‌شیشه‌ایران‌",صنعت فلزات و معادن,"بورس,سهام,شاخص,قرارداد",,سایر محصولات کانی غیرفلزی
نماد کپشیرح,A,1,"کپشیرح,ح. پشم‌شیشه‌ایران‌",صنعت فلزات و معادن,"بورس,سهام,شاخص,قرارداد",,سایر محصولات کانی غیرفلزی
نماد کترام,A,1,"کترام,تولیدی‌ کاشی‌ تکسرام‌","صنعت فلزات و معادن,صنعت راه و ساختمان","بورس,سهام,شاخص,قرارداد",,کاشی و سرامیک
نماد کترامح,A,1,"کترامح,ح. تولیدی‌ کاشی‌ تکسرام‌","صنعت فلزات و معادن,صنعت راه و ساختمان","بورس,سهام,شاخص,قرارداد",,کاشی و سرامیک
نماد کچاد,A,1,"کچاد,معدنی‌وصنعتی‌چادرملو",صنعت فلزات و معادن,"بورس,سهام,شاخص,قرارداد",,استخراج کانه‌های فلزی
نماد کچادح,A,1,"کچادح,ح. معدنی‌وصنعتی‌چادرملو",صنعت فلزات و معادن,"بورس,سهام,شاخص,قرارداد",,استخراج کانه‌های فلزی
نماد کچینی,A,1,"کچینی,چینی‌ ایران","صنعت فلزات و معادن,صنعت راه و ساختمان","بورس,سهام,شاخص,قرارداد",,کاشی و سرامیک
نماد کچینیح,A,1,"کچینیح,ح. چینی‌ ایران","صنعت فلزات و معادن,صنعت راه و ساختمان","بورس,سهام,شاخص,قرارداد",,کاشی و سرامیک
نماد کحافظ,A,1,"کحافظ,کاشی‌ وسرامیک‌ حافظ‌","صنعت فلزات و معادن,صنعت راه و ساختمان","بورس,سهام,شاخص,قرارداد",,کاشی و سرامیک
نماد کحافظح,A,1,"کحافظح,ح. کاشی‌ وسرامیک‌ حافظ‌","صنعت فلزات و معادن,صنعت راه و ساختمان","بورس,سهام,شاخص,قرارداد",,کاشی و سرامیک
نماد کخاک,A,1,"کخاک,صنایع‌خاک‌چینی‌ایران‌",صنعت فلزات و معادن,"بورس,سهام,شاخص,قرارداد",,سایر محصولات کانی غیرفلزی
نماد کخاکح,A,1,"کخاکح,ح. صنایع‌خاک‌چینی‌ایران‌",صنعت فلزات و معادن,"بورس,سهام,شاخص,قرارداد",,سایر محصولات کانی غیرفلزی
نماد کدما,A,1,"کدما,معدنی‌ دماوند",صنعت فلزات و معادن,"بورس,سهام,شاخص,قرارداد",,استخراج کانه‌های فلزی
نماد کدماح,A,1,"کدماح,ح. معدنی‌ دماوند",صنعت فلزات و معادن,"بورس,سهام,شاخص,قرارداد",,استخراج کانه‌های فلزی
نماد کرازی,A,1,"کرازی,کارخانجات‌تولیدی‌شیشه‌رازی‌",صنعت فلزات و معادن,"بورس,سهام,شاخص,قرارداد",,سایر محصولات کانی غیرفلزی
نماد کرازیح,A,1,"کرازیح,ح. ‌تولیدی‌شیشه‌رازی‌",صنعت فلزات و معادن,"بورس,سهام,شاخص,قرارداد",,سایر محصولات کانی غیرفلزی
نماد کرماشا,A,1,"کرماشا,صنایع پتروشیمی کرمانشاه",صنعت شیمیایی و حلال‌ها,"بورس,سهام,شاخص,قرارداد",,محصولات شیمیایی
نماد کرماشاح,A,1,"کرماشاح,ح. صنایع پتروشیمی کرمانشاه",صنعت شیمیایی و حلال‌ها,"بورس,سهام,شاخص,قرارداد",,محصولات شیمیایی
نماد کروی,A,2,"کروی,توسعه‌ معادن‌ روی‌ ایران‌,فلز",صنعت فلزات و معادن,"بورس,سهام,شاخص,قرارداد",,استخراج کانه‌های فلزی
نماد کرویح,A,1,"کرویح,ح. توسعه‌ معادن‌ روی‌ ایران‌",صنعت فلزات و معادن,"بورس,سهام,شاخص,قرارداد",,استخراج کانه‌های فلزی
نماد کساپا,A,1,"کساپا,سایپاشیشه‌",صنعت فلزات و معادن,"بورس,سهام,شاخص,قرارداد",,سایر محصولات کانی غیرفلزی
نماد کساپاح,A,1,"کساپاح,ح. سایپاشیشه‌",صنعت فلزات و معادن,"بورس,سهام,شاخص,قرارداد",,سایر محصولات کانی غیرفلزی
نماد کساوه,A,1,"کساوه,صنایع‌ کاشی‌ و سرامیک‌ سینا","صنعت فلزات و معادن,صنعت راه و ساختمان","بورس,سهام,شاخص,قرارداد",,کاشی و سرامیک
نماد کساوهح,A,1,"کساوهح,ح. صنایع‌ کاشی‌ وسرامیک‌ سینا","صنعت فلزات و معادن,صنعت راه و ساختمان","بورس,سهام,شاخص,قرارداد",,کاشی و سرامیک
نماد کسرا,A,1,"کسرا,سرامیک‌های‌صنعتی‌اردکان‌",صنعت فلزات و معادن,"بورس,سهام,شاخص,قرارداد",,سایر محصولات کانی غیرفلزی
نماد کسراح,A,1,"کسراح,ح. سرامیک‌های‌صنعتی‌اردکان‌",صنعت فلزات و معادن,"بورس,سهام,شاخص,قرارداد",,سایر محصولات کانی غیرفلزی
نماد کسرام,A,1,"کسرام,پارس‌ سرام‌",صنعت فلزات و معادن,"بورس,سهام,شاخص,قرارداد",,سایر محصولات کانی غیرفلزی
نماد کسرامح,A,1,"کسرامح,ح. پارس‌ سرام‌",صنعت فلزات و معادن,"بورس,سهام,شاخص,قرارداد",,سایر محصولات کانی غیرفلزی
نماد کسعدی,A,1,"کسعدی,کاشی‌ سعدی‌","صنعت فلزات و معادن,صنعت راه و ساختمان","بورس,سهام,شاخص,قرارداد",,کاشی و سرامیک
نماد کسعدیح,A,1,"کسعدیح,ح. کاشی‌ سعدی‌","صنعت فلزات و معادن,صنعت راه و ساختمان","بورس,سهام,شاخص,قرارداد",,کاشی و سرامیک
نماد کطبس,A,1,"کطبس,ذغال‌سنگ‌ نگین‌ ط‌بس‌",صنعت فلزات و معادن,"بورس,سهام,شاخص,قرارداد",,استخراج زغال سنگ
نماد کطبسح,A,1,"کطبسح,ح. ذغال‌سنگ‌ نگین‌ ط‌بس‌",صنعت فلزات و معادن,"بورس,سهام,شاخص,قرارداد",,استخراج زغال سنگ
نماد کفپارس,A,1,"کفپارس,فرآورده‌های‌ نسوز پارس‌",صنعت فلزات و معادن,"بورس,سهام,شاخص,قرارداد",,سایر محصولات کانی غیرفلزی
نماد کفپارسح,A,1,"کفپارسح,ح. فرآورده‌های‌ نسوز پارس‌",صنعت فلزات و معادن,"بورس,سهام,شاخص,قرارداد",,سایر محصولات کانی غیرفلزی
نماد کفرا,A,1,"کفرا,فراورده‌ های‌ نسوزایران‌",صنعت فلزات و معادن,"بورس,سهام,شاخص,قرارداد",,سایر محصولات کانی غیرفلزی
نماد کفراح,A,1,"کفراح,ح. فراورده‌ های‌ نسوزایران‌",صنعت فلزات و معادن,"بورس,سهام,شاخص,قرارداد",,سایر محصولات کانی غیرفلزی
نماد کقزوی,A,1,"کقزوی,شیشه‌ قزوین‌",صنعت فلزات و معادن,"بورس,سهام,شاخص,قرارداد",,سایر محصولات کانی غیرفلزی
نماد کقزویح,A,1,"کقزویح,ح. شیشه‌ قزوین‌",صنعت فلزات و معادن,"بورس,سهام,شاخص,قرارداد",,سایر محصولات کانی غیرفلزی
نماد کگاز,A,1,"کگاز,شیشه‌ و گاز",صنعت فلزات و معادن,"بورس,سهام,شاخص,قرارداد",,سایر محصولات کانی غیرفلزی
نماد کگازح,A,1,"کگازح,ح. شیشه‌ و گاز",صنعت فلزات و معادن,"بورس,سهام,شاخص,قرارداد",,سایر محصولات کانی غیرفلزی
نماد کگل,A,1,"کگل,معدنی و صنعتی گل گهر",صنعت فلزات و معادن,"بورس,سهام,شاخص,قرارداد",,استخراج کانه‌های فلزی
نماد کگلح,A,1,"کگلح,ح. معدنی و صنعتی گل گهر",صنعت فلزات و معادن,"بورس,سهام,شاخص,قرارداد",,استخراج کانه‌های فلزی
نماد کلوند,A,1,"کلوند,کاشی‌ الوند","صنعت فلزات و معادن,صنعت راه و ساختمان","بورس,سهام,شاخص,قرارداد",,کاشی و سرامیک
نماد کلوندح,A,1,"کلوندح,ح. کاشی‌ الوند","صنعت فلزات و معادن,صنعت راه و ساختمان","بورس,سهام,شاخص,قرارداد",,کاشی و سرامیک
نماد کماسه,A,1,"کماسه,تامین‌ ماسه‌ ریخته‌گری‌",صنعت فلزات و معادن,"بورس,سهام,شاخص,قرارداد",,استخراج سایر معادن
نماد کماسهح,A,1,"کماسهح,ح. تامین‌ ماسه‌ ریخته‌گری‌",صنعت فلزات و معادن,"بورس,سهام,شاخص,قرارداد",,استخراج سایر معادن
نماد کمنگنز,A,1,"کمنگنز,معادن‌منگنزایران‌",صنعت فلزات و معادن,"بورس,سهام,شاخص,قرارداد",,استخراج کانه‌های فلزی
نماد کمنگنزح,A,1,"کمنگنزح,ح. معادن‌منگنزایران‌",صنعت فلزات و معادن,"بورس,سهام,شاخص,قرارداد",,استخراج کانه‌های فلزی
نماد کنور,A,1,"کنور,توسعه معدنی و صنعتی صبانور",صنعت فلزات و معادن,"بورس,سهام,شاخص,قرارداد",,استخراج کانه‌های فلزی
نماد کنورح,A,1,"کنورح,ح توسعه معدنی و صنعتی صبانور",صنعت فلزات و معادن,"بورس,سهام,شاخص,قرارداد",,استخراج کانه‌های فلزی
نماد کنیلو,A,1,"کنیلو,کاشی‌ نیلو","صنعت فلزات و معادن,صنعت راه و ساختمان","بورس,سهام,شاخص,قرارداد",,کاشی و سرامیک
نماد کنیلوح,A,1,"کنیلوح,ح. کاشی‌ نیلو","صنعت فلزات و معادن,صنعت راه و ساختمان","بورس,سهام,شاخص,قرارداد",,کاشی و سرامیک
نماد کهرام,A,1,"کهرام,تولیدی‌گرانیت‌بهسرام‌","صنعت فلزات و معادن,صنعت راه و ساختمان","بورس,سهام,شاخص,قرارداد",,کاشی و سرامیک
نماد کهرامح,A,1,"کهرامح,ح. تولیدی‌گرانیت‌بهسرام‌","صنعت فلزات و معادن,صنعت راه و ساختمان","بورس,سهام,شاخص,قرارداد",,کاشی و سرامیک
نماد کهمدا,A,1,"کهمدا,شیشه‌ همدان‌",صنعت فلزات و معادن,"بورس,سهام,شاخص,قرارداد",,سایر محصولات کانی غیرفلزی
نماد کهمداح,A,1,"کهمداح,ح. شیشه‌ همدان‌",صنعت فلزات و معادن,"بورس,سهام,شاخص,قرارداد",,سایر محصولات کانی غیرفلزی
نماد کورز,A,1,"کورز,ورزیران‌",صنعت فلزات و معادن,"بورس,سهام,شاخص,قرارداد",,سایر محصولات کانی غیرفلزی
نماد کورزح,A,1,"کورزح,ح. ورزیران‌",صنعت فلزات و معادن,"بورس,سهام,شاخص,قرارداد",,سایر محصولات کانی غیرفلزی
نماد لابسا,A,1,"لابسا,آبسال‌",صنعت خودرو,"بورس,سهام,شاخص,قرارداد",,ماشین آلات و تجهیزات
نماد لابساح,A,1,"لابساح,ح. آبسال‌",صنعت خودرو,"بورس,سهام,شاخص,قرارداد",,ماشین آلات و تجهیزات
نماد لازما,A,1,"لازما,کارخانه آزمایش‌,کارخانه صنعتی آزمایش",صنعت خودرو,"بورس,سهام,شاخص,قرارداد",,ماشین آلات و تجهیزات
نماد لازماح,A,1,"لازماح,ح. آزمایش‌",صنعت خودرو,"بورس,سهام,شاخص,قرارداد",,ماشین آلات و تجهیزات
نماد لبهمن,A,1,"لبهمن,تولیدی‌ بهمن‌",صنعت خودرو,"بورس,سهام,شاخص,قرارداد",,ماشین آلات و تجهیزات
نماد لبهمنح,A,1,"لبهمنح,ح. تولیدی‌ بهمن‌",صنعت خودرو,"بورس,سهام,شاخص,قرارداد",,ماشین آلات و تجهیزات
نماد لبوتان,A,1,"لبوتان,گروه‌صنعتی‌بوتان‌",صنعت خودرو,"بورس,سهام,شاخص,قرارداد",,ماشین آلات و تجهیزات
نماد لبوتانح,A,1,"لبوتانح,ح. گروه‌صنعتی‌بوتان‌",صنعت خودرو,"بورس,سهام,شاخص,قرارداد",,ماشین آلات و تجهیزات
نماد لپارس,A,1,"لپارس,پارس‌ الکتریک‌",ارتباطات و فناوری اطلاعات,"بورس,سهام,شاخص,قرارداد",,ساخت دستگاه‌ها و وسایل ارتباطی
نماد لپارسح,A,1,"لپارسح,ح. پارس‌ الکتریک‌",ارتباطات و فناوری اطلاعات,"بورس,سهام,شاخص,قرارداد",,ساخت دستگاه‌ها و وسایل ارتباطی
نماد لپویا,A,1,"لپویا,ایران‌ پویا",صنعت خودرو,"بورس,سهام,شاخص,قرارداد",,ماشین آلات و تجهیزات
نماد لپویاح,A,1,"لپویاح,ح. ایران‌ پویا",صنعت خودرو,"بورس,سهام,شاخص,قرارداد",,ماشین آلات و تجهیزات
نماد لپیام,A,1,"لپیام,کارخانجات‌ صنعتی‌ پیام‌",ارتباطات و فناوری اطلاعات,"بورس,سهام,شاخص,قرارداد",,ساخت دستگاه‌ها و وسایل ارتباطی
نماد لپیامح,A,1,"لپیامح,ح. کارخانجات‌ صنعتی‌ پیام‌",ارتباطات و فناوری اطلاعات,"بورس,سهام,شاخص,قرارداد",,ساخت دستگاه‌ها و وسایل ارتباطی
نماد لجام,A,1,"لجام,تولیدی‌ جام‌ جهان‌ نما",ارتباطات و فناوری اطلاعات,"بورس,سهام,شاخص,قرارداد",,ساخت دستگاه‌ها و وسایل ارتباطی
نماد لجامح,A,1,"لجامح,ح. تولیدی‌ جام‌ جهان‌ نما",ارتباطات و فناوری اطلاعات,"بورس,سهام,شاخص,قرارداد",,ساخت دستگاه‌ها و وسایل ارتباطی
نماد لخانه,A,1,"لخانه,لوازم‌ خانگی‌ پارس‌",صنعت خودرو,"بورس,سهام,شاخص,قرارداد",,ماشین آلات و تجهیزات
نماد لخانهح,A,1,"لخانهح,ح. لوازم‌ خانگی‌ پارس‌",صنعت خودرو,"بورس,سهام,شاخص,قرارداد",,ماشین آلات و تجهیزات
نماد لخزر,A,1,"لخزر,پارس‌ خزر",صنعت خودرو,"بورس,سهام,شاخص,قرارداد",,ماشین آلات و تجهیزات
نماد لخزرح,A,1,"لخزرح,ح. پارس‌ خزر",صنعت خودرو,"بورس,سهام,شاخص,قرارداد",,ماشین آلات و تجهیزات
نماد لسرما,A,1,"لسرما,سرما آفرین‌",صنعت خودرو,"بورس,سهام,شاخص,قرارداد",,ماشین آلات و تجهیزات
نماد لسرماح,A,1,"لسرماح,ح. سرما آفرین‌",صنعت خودرو,"بورس,سهام,شاخص,قرارداد",,ماشین آلات و تجهیزات
نماد لکما,A,1,"لکما,کارخانجات‌مخابراتی‌ایران‌",ارتباطات و فناوری اطلاعات,"بورس,سهام,شاخص,قرارداد",,ساخت دستگاه‌ها و وسایل ارتباطی
نماد لکماح,A,1,"لکماح,ح. کارخانجات‌مخابراتی‌ایران‌",ارتباطات و فناوری اطلاعات,"بورس,سهام,شاخص,قرارداد",,ساخت دستگاه‌ها و وسایل ارتباطی
نماد لمخابر,A,1,"لمخابر,صنایع‌مخابراتی‌راه‌دورایران‌",ارتباطات و فناوری اطلاعات,"بورس,سهام,شاخص,قرارداد",,ساخت دستگاه‌ها و وسایل ارتباطی
نماد لمخابرح,A,1,"لمخابرح,ح. ‌مخابراتی‌راه‌دورایران‌",ارتباطات و فناوری اطلاعات,"بورس,سهام,شاخص,قرارداد",,ساخت دستگاه‌ها و وسایل ارتباطی
نماد ما,A,1,بیمه ما,صنعت بانک و بیمه,"بورس,سهام,شاخص,قرارداد",,بیمه وصندوق بازنشستگی به جزتامین اجتماعی
نماد مبین,A,1,"مبین,پتروشیمی مبین",,"بورس,سهام,شاخص,قرارداد",,"عرضه برق, گاز, بخاروآب گرم"
نماد مداران,A,1,"مداران,داده‌پردازی‌ایران‌",ارتباطات و فناوری اطلاعات,"بورس,سهام,شاخص,قرارداد",,رایانه و فعالیت‌های وابسته به آن
نماد مدارانح,A,1,"مدارانح,ح. داده‌پردازی‌ایران‌",ارتباطات و فناوری اطلاعات,"بورس,سهام,شاخص,قرارداد",,رایانه و فعالیت‌های وابسته به آن
نماد مرقام,A,1,"مرقام,ایران‌ارقام‌",ارتباطات و فناوری اطلاعات,"بورس,سهام,شاخص,قرارداد",,رایانه و فعالیت‌های وابسته به آن
نماد مرقامح,A,1,"مرقامح,ح. ایران‌ارقام‌",ارتباطات و فناوری اطلاعات,"بورس,سهام,شاخص,قرارداد",,رایانه و فعالیت‌های وابسته به آن
نماد ملت,A,1,بیمه ملت,صنعت بانک و بیمه,"بورس,سهام,شاخص,قرارداد",,بیمه وصندوق بازنشستگی به جزتامین اجتماعی
نماد ملتح,A,1,"ملتح,ح. بیمه ملت",صنعت بانک و بیمه,"بورس,سهام,شاخص,قرارداد",,بیمه وصندوق بازنشستگی به جزتامین اجتماعی
نماد نبروج,A,1,"نبروج,نساجی‌ بروجرد",صنعت نساجی و پوشاک,"بورس,سهام,شاخص,قرارداد",,منسوجات
نماد نبروجح,A,1,"نبروجح,ح. نساجی‌ بروجرد",صنعت نساجی و پوشاک,"بورس,سهام,شاخص,قرارداد",,منسوجات
نماد نبورس,A,1,"نبورس,نهادهای مالی بورس اوراق بهادار",صنعت بانک و بیمه,"بورس,سهام,شاخص,قرارداد",,فعالیتهای کمکی به نهادهای مالی واسط
نماد نتوس,A,1,"نتوس,پشم‌ بافی‌ توس‌",صنعت نساجی و پوشاک,"بورس,سهام,شاخص,قرارداد",,منسوجات
نماد نتوسح,A,1,"نتوسح,ح. پشم‌ بافی‌ توس‌",صنعت نساجی و پوشاک,"بورس,سهام,شاخص,قرارداد",,منسوجات
نماد نمرینو,A,1,"نمرینو,ایران‌ مرینوس‌",صنعت نساجی و پوشاک,"بورس,سهام,شاخص,قرارداد",,منسوجات
نماد نمرینوح,A,1,"نمرینوح,ح. ایران‌ مرینوس‌",صنعت نساجی و پوشاک,"بورس,سهام,شاخص,قرارداد",,منسوجات
نماد همراه,A,1,"همراه,شرکت ارتباطات سیار ایران",ارتباطات و فناوری اطلاعات,"بورس,سهام,شاخص,قرارداد",,مخابرات
نماد وآذر,A,1,"وآذر,سرمایه‌گذاری‌توسعه‌آذربایجان‌",صنعت راه و ساختمان,"بورس,سهام,شاخص,قرارداد",,"انبوه سازی, املاک و مستغلات"
نماد وآذرح,A,1,"وآذرح,ح. ‌توسعه‌آذربایجان‌",صنعت راه و ساختمان,"بورس,سهام,شاخص,قرارداد",,"انبوه سازی, املاک و مستغلات"
نماد وآردل,A,1,"وآردل,سرمایه‌گذاری‌کارآفرین‌ (هلدینگ‌)",صنعت خودرو,"بورس,سهام,شاخص,قرارداد",,ماشین آلات و تجهیزات
نماد وآردلح,A,1,"وآردلح,ح. ‌کارآفرین‌ (هلدینگ‌)",صنعت خودرو,"بورس,سهام,شاخص,قرارداد",,ماشین آلات و تجهیزات
نماد واتی,A,1,"واتی,سرمایه‌ گذاری‌ آتیه‌ دماوند",صنعت بانک و بیمه,"بورس,سهام,شاخص,قرارداد",,سرمایه گذاریها
نماد واتیح,A,1,"واتیح,ح. سرمایه‌ گذاری‌آتیه‌ دماوند",صنعت بانک و بیمه,"بورس,سهام,شاخص,قرارداد",,سرمایه گذاریها
نماد واعتبار,A,1,"واعتبار,سرمایه گذاری اعتبار ایران",صنعت بانک و بیمه,"بورس,سهام,شاخص,قرارداد",,واسطه‌گری‌های مالی و پولی
نماد واعتبارح,A,1,"واعتبارح,ح. سرمایه گذاری اعتبار ایران",صنعت بانک و بیمه,"بورس,سهام,شاخص,قرارداد",,واسطه‌گری‌های مالی و پولی
نماد والبر,A,1,"والبر,سرمایه‌ گذاری‌ البرز (هلدینگ‌)",صنعت ابزار پزشکی و دارو,"بورس,سهام,شاخص,قرارداد",,مواد و محصولات دارویی
نماد والبرح,A,1,"والبرح,ح. سرمایه گذاری‌البرز (هلدینگ‌)",صنعت ابزار پزشکی و دارو,"بورس,سهام,شاخص,قرارداد",,مواد و محصولات دارویی
نماد وامید,A,1,"وامید,گروه مدیریت سرمایه گذاری امید",,"بورس,سهام,شاخص,قرارداد",,شرکتهای چند رشته‌ای صنعتی
نماد وامیدح,A,1,"وامیدح,ح. گروه مدیریت سرمایه گذار امید",,"بورس,سهام,شاخص,قرارداد",,شرکتهای چند رشته‌ای صنعتی
نماد وانصار,A,1,"وانصار,بانک انصار",صنعت بانک و بیمه,"بورس,سهام,شاخص,قرارداد",,بانکها و موسسات اعتباری
نماد وانصارح,A,1,"وانصارح,ح. بانک انصار",صنعت بانک و بیمه,"بورس,سهام,شاخص,قرارداد",,بانکها و موسسات اعتباری
نماد وایران,A,1,"وایران,لیزینگ ایرانیان",,"بورس,سهام,شاخص,قرارداد",,سایر واسطه گریهای مالی
نماد وبانک,A,1,"وبانک,سرمایه گذاری گروه توسعه ملی",,"بورس,سهام,شاخص,قرارداد",,شرکتهای چند رشته‌ای صنعتی
نماد وبانکح,A,1,"وبانکح,ح. سرمایه گذاری گروه توسعه ملی",,"بورس,سهام,شاخص,قرارداد",,شرکتهای چند رشته‌ای صنعتی
نماد وبشهر,A,1,"وبشهر,توسعه‌ صنایع‌ بهشهر (هلدینگ)",صنعت غذا و کشاورزی,"بورس,سهام,شاخص,قرارداد",,محصولات غذایی و آشامیدنی به جز قند و شکر
نماد وبشهرح,A,1,"وبشهرح,ح. صنایع‌ بهشهر (هلدینگ",صنعت غذا و کشاورزی,"بورس,سهام,شاخص,قرارداد",,محصولات غذایی و آشامیدنی به جز قند و شکر
نماد وبصادر,A,1,"وبصادر,بانک صادرات ایران",صنعت بانک و بیمه,"بورس,سهام,شاخص,قرارداد",,بانکها و موسسات اعتباری
نماد وبملت,A,1,"وبملت,بانک ملت",صنعت بانک و بیمه,"بورس,سهام,شاخص,قرارداد",,بانکها و موسسات اعتباری
نماد وبملتح,A,1,"وبملتح,ح. بانک ملت",صنعت بانک و بیمه,"بورس,سهام,شاخص,قرارداد",,بانکها و موسسات اعتباری
نماد وبهمن,A,1,"وبهمن,سرمایه‌گذاری‌بهمن‌",صنعت بانک و بیمه,"بورس,سهام,شاخص,قرارداد",,سرمایه گذاریها
نماد وبهمنح,A,1,"وبهمنح,ح. سرمایه‌گذاری‌بهمن‌",صنعت بانک و بیمه,"بورس,سهام,شاخص,قرارداد",,سرمایه گذاریها
نماد وبوعلی,A,1,"وبوعلی,سرمایه‌گذاری‌بوعلی‌",صنعت بانک و بیمه,"بورس,سهام,شاخص,قرارداد",,سرمایه گذاریها
نماد وبوعلیح,A,1,"وبوعلیح,ح. سرمایه‌گذاری‌بوعلی‌",صنعت بانک و بیمه,"بورس,سهام,شاخص,قرارداد",,سرمایه گذاریها
نماد وبیمه,A,1,"وبیمه,سرمایه‌ گذاری‌ صنعت‌ بیمه‌",صنعت بانک و بیمه,"بورس,سهام,شاخص,قرارداد",,سرمایه گذاریها
نماد وبیمهح,A,1,"وبیمهح,ح. سرمایه‌ گذاری‌ صنعت‌ بیمه‌",صنعت بانک و بیمه,"بورس,سهام,شاخص,قرارداد",,سرمایه گذاریها
نماد وپارس,A,1,"وپارس,بانک‌پارسیان‌",صنعت بانک و بیمه,"بورس,سهام,شاخص,قرارداد",,بانکها و موسسات اعتباری
نماد وپارسح,A,1,"وپارسح,ح. بانک‌پارسیان‌",صنعت بانک و بیمه,"بورس,سهام,شاخص,قرارداد",,بانکها و موسسات اعتباری
نماد وپاسار,A,1,"وپاسار,بانک پاسارگاد",صنعت بانک و بیمه,"بورس,سهام,شاخص,قرارداد",,بانکها و موسسات اعتباری
نماد وپاسارح,A,1,"وپاسارح,ح. بانک پاسارگاد",صنعت بانک و بیمه,"بورس,سهام,شاخص,قرارداد",,بانکها و موسسات اعتباری
نماد وپترو,A,1,"وپترو,سرمایه‌گذاری صنایع پتروشیمی‌",صنعت شیمیایی و حلال‌ها,"بورس,سهام,شاخص,قرارداد",,محصولات شیمیایی
نماد وپتروح,A,1,"وپتروح,ح. سرمایه‌ گذاری‌ پتروشیمی‌",صنعت شیمیایی و حلال‌ها,"بورس,سهام,شاخص,قرارداد",,محصولات شیمیایی
نماد وپخش,A,1,"وپخش,داروپخش‌ (هلدینگ‌)",صنعت ابزار پزشکی و دارو,"بورس,سهام,شاخص,قرارداد",,مواد و محصولات دارویی
نماد وپخشح,A,1,"وپخشح,ح. داروپخش‌ (هلدینگ‌)",صنعت ابزار پزشکی و دارو,"بورس,سهام,شاخص,قرارداد",,مواد و محصولات دارویی
نماد وپست,A,1,"وپست,پست بانک ایران",صنعت بانک و بیمه,"بورس,سهام,شاخص,قرارداد",,بانکها و موسسات اعتباری
نماد وتجارت,A,1,"وتجارت,بانک تجارت",صنعت بانک و بیمه,"بورس,سهام,شاخص,قرارداد",,بانکها و موسسات اعتباری
نماد وتجارتح,A,1,"وتجارتح,ح. بانک تجارت",صنعت بانک و بیمه,"بورس,سهام,شاخص,قرارداد",,بانکها و موسسات اعتباری
نماد وتوس,A,1,"وتوس,توسعه‌شهری‌توس‌گستر",صنعت راه و ساختمان,"بورس,سهام,شاخص,قرارداد",,"انبوه سازی, املاک و مستغلات"
نماد وتوسح,A,1,"وتوسح,ح. توسعه‌شهری‌توس‌گستر",صنعت راه و ساختمان,"بورس,سهام,شاخص,قرارداد",,"انبوه سازی, املاک و مستغلات"
نماد وتوسم,A,1,"وتوسم,سرمایه‌گذاری‌توسعه‌ملی‌",صنعت بانک و بیمه,"بورس,سهام,شاخص,قرارداد",,سرمایه گذاریها
نماد وتوسمح,A,1,"وتوسمح,ح. سرمایه‌گذاری‌توسعه‌ملی‌",صنعت بانک و بیمه,"بورس,سهام,شاخص,قرارداد",,سرمایه گذاریها
نماد وتوشه,A,1,"وتوشه,سرمایه‌ گذاری‌ پارس‌ توشه‌",صنعت خودرو,"بورس,سهام,شاخص,قرارداد",,ماشین آلات و تجهیزات
نماد وتوشهح,A,1,"وتوشهح,ح. سرمایه‌ گذاری‌ پارس‌ توشه‌",صنعت خودرو,"بورس,سهام,شاخص,قرارداد",,ماشین آلات و تجهیزات
نماد وتوصا,A,1,"وتوصا,سرمایه گذاری توسعه صنعتی ایران",صنعت بانک و بیمه,"بورس,سهام,شاخص,قرارداد",,سرمایه گذاریها
نماد وتوصاح,A,1,"وتوصاح,ح. سرمایه‌گذاری توسعه‌صنعتی",صنعت بانک و بیمه,"بورس,سهام,شاخص,قرارداد",,سرمایه گذاریها
نماد وتوکا,A,1,"وتوکا,سرمایه‌گذاری‌توکافولاد (هلدینگ)",صنعت فلزات و معادن,"بورس,سهام,شاخص,قرارداد",,فلزات اساسی
نماد وتوکاح,A,1,"وتوکاح,ح. ‌توکافولاد (هلدینگ‌)",صنعت فلزات و معادن,"بورس,سهام,شاخص,قرارداد",,فلزات اساسی
نماد وخارزم,A,1,"وخارزم,سرمایه گذاری خوارزمی",صنعت بانک و بیمه,"بورس,سهام,شاخص,قرارداد",,سرمایه گذاریها
نماد وخارزمح,A,1,"وخارزمح,ح. سرمایه گذاری خوارزمی",صنعت بانک و بیمه,"بورس,سهام,شاخص,قرارداد",,سرمایه گذاریها
نماد وخاور,A,1,"وخاور,بانک خاورمیانه",صنعت بانک و بیمه,"بورس,سهام,شاخص,قرارداد",,بانکها و موسسات اعتباری
نماد وخاورح,A,1,"وخاورح,ح. بانک خاورمیانه",صنعت بانک و بیمه,"بورس,سهام,شاخص,قرارداد",,بانکها و موسسات اعتباری
نماد ورنا,A,1,"ورنا,سرمایه‌گذاری‌ رنا (هلدینگ‌)",صنعت خودرو,"بورس,سهام,شاخص,قرارداد",,خودرو و ساخت قطعات
نماد ورناح,A,1,"ورناح,ح. سرمایه‌گذاری‌ رنا (هلدینگ‌)",صنعت خودرو,"بورس,سهام,شاخص,قرارداد",,خودرو و ساخت قطعات
نماد وساپا,A,1,"وساپا,سرمایه‌گذاری‌ سایپا",صنعت بانک و بیمه,"بورس,سهام,شاخص,قرارداد",,سرمایه گذاریها
نماد وساپاح,A,1,"وساپاح,ح. سرمایه‌گذاری‌ سایپا",صنعت بانک و بیمه,"بورس,سهام,شاخص,قرارداد",,سرمایه گذاریها
نماد وساخت,A,1,"وساخت,سرمایه‌ گذاری‌ ساختمان‌ایران‌",صنعت راه و ساختمان,"بورس,سهام,شاخص,قرارداد",,"انبوه سازی, املاک و مستغلات"
نماد وساختح,A,1,"وساختح,ح. سرمایه‌ گذاری‌ ساختمان‌",صنعت راه و ساختمان,"بورس,سهام,شاخص,قرارداد",,"انبوه سازی, املاک و مستغلات"
نماد وسپه,A,1,"وسپه,سرمایه‌گذاری‌ سپه‌",صنعت بانک و بیمه,"بورس,سهام,شاخص,قرارداد",,سرمایه گذاریها
نماد وسپهح,A,1,"وسپهح,ح. سرمایه‌گذاری‌ سپه‌",صنعت بانک و بیمه,"بورس,سهام,شاخص,قرارداد",,سرمایه گذاریها
نماد وسدید,A,1,"وسدید,گروه‌صنعتی‌سدید (هلدینگ‌)",صنعت فلزات و معادن,"بورس,سهام,شاخص,قرارداد",,فلزات اساسی
نماد وسدیدح,A,1,"وسدیدح,ح. گروه‌صنعتی‌سدید (هلدینگ‌)",صنعت فلزات و معادن,"بورس,سهام,شاخص,قرارداد",,فلزات اساسی
نماد وسکاب,A,1,"وسکاب,سرمایه گذاری نور کوثر ایرانیان",صنعت بانک و بیمه,"بورس,سهام,شاخص,قرارداد",,سرمایه گذاریها
نماد وسکابح,A,1,"وسکابح,ح. سرمایه گذاری نورکوثرایرانیان",صنعت بانک و بیمه,"بورس,سهام,شاخص,قرارداد",,سرمایه گذاریها
نماد وسینا,A,1,"وسینا,بانک سینا",صنعت بانک و بیمه,"بورس,سهام,شاخص,قرارداد",,بانکها و موسسات اعتباری
نماد وسیناح,A,1,"وسیناح,ح. بانک سینا",صنعت بانک و بیمه,"بورس,سهام,شاخص,قرارداد",,بانکها و موسسات اعتباری
نماد وصنا,A,1,"وصنا,گروه‌صنایع‌بهشهرایران‌",صنعت بانک و بیمه,"بورس,سهام,شاخص,قرارداد",,سرمایه گذاریها
نماد وصناح,A,1,"وصناح,ح. ‌گروه‌صنایع‌بهشهرایران‌",صنعت بانک و بیمه,"بورس,سهام,شاخص,قرارداد",,سرمایه گذاریها
نماد وصندوق,A,1,"وصندوق,سرمایه‌گذاری‌صندوق‌بازنشستگی‌",,"بورس,سهام,شاخص,قرارداد",,شرکتهای چند رشته‌ای صنعتی
نماد وصندوقح,A,1,"وصندوقح,ح. سرمایه گذاری صندوق بازنشستگی",,"بورس,سهام,شاخص,قرارداد",,شرکتهای چند رشته‌ای صنعتی
نماد وصنعت,A,1,"وصنعت,سرمایه‌ گذاری‌ صنعت‌ ومعدن‌",صنعت بانک و بیمه,"بورس,سهام,شاخص,قرارداد",,سرمایه گذاریها
نماد وصنعتح,A,1,"وصنعتح,ح. سرمایه‌ گذاری‌صنعت‌ ومعدن‌",صنعت بانک و بیمه,"بورس,سهام,شاخص,قرارداد",,سرمایه گذاریها
نماد وغدیر,A,1,"وغدیر,سرمایه‌گذاری‌غدیر (هلدینگ‌)",,"بورس,سهام,شاخص,قرارداد",,شرکتهای چند رشته‌ای صنعتی
نماد وغدیرح,A,1,"وغدیرح,ح. سرمایه‌گذاری‌غدیر (هلدینگ‌)",,"بورس,سهام,شاخص,قرارداد",,شرکتهای چند رشته‌ای صنعتی
نماد وکار,A,1,"وکار,بانک‌ کارآفرین‌",صنعت بانک و بیمه,"بورس,سهام,شاخص,قرارداد",,بانکها و موسسات اعتباری
نماد وکارح,A,1,"وکارح,ح. بانک‌ کارآفرین‌",صنعت بانک و بیمه,"بورس,سهام,شاخص,قرارداد",,بانکها و موسسات اعتباری
نماد ولساپا,A,1,"ولساپا,لیزینگ رایان‌ سایپا",,"بورس,سهام,شاخص,قرارداد",,سایر واسطه گریهای مالی
نماد ولساپاح,A,1,"ولساپاح,ح. لیزینگ رایان‌ سایپا",,"بورس,سهام,شاخص,قرارداد",,سایر واسطه گریهای مالی
نماد ولصنم,A,1,"ولصنم,لیزینگ‌صنعت‌ومعدن‌",,"بورس,سهام,شاخص,قرارداد",,سایر واسطه گریهای مالی
نماد ولصنمح,A,1,"ولصنمح,ح. لیزینگ‌صنعت‌ومعدن‌",,"بورس,سهام,شاخص,قرارداد",,سایر واسطه گریهای مالی
نماد ولغدر,A,1,"ولغدر,لیزینگ‌خودروغدیر",,"بورس,سهام,شاخص,قرارداد",,سایر واسطه گریهای مالی
نماد ولغدرح,A,1,"ولغدرح,ح. لیزینگ‌خودروغدیر",,"بورس,سهام,شاخص,قرارداد",,سایر واسطه گریهای مالی
نماد ولملت,A,1,"ولملت,واسپاری ملت",,"بورس,سهام,شاخص,قرارداد",,سایر واسطه گریهای مالی
نماد ولیز,A,1,"ولیز,لیزینگ‌ایران‌",,"بورس,سهام,شاخص,قرارداد",,سایر واسطه گریهای مالی
نماد ولیزح,A,1,"ولیزح,ح. لیزینگ‌ایران‌",,"بورس,سهام,شاخص,قرارداد",,سایر واسطه گریهای مالی
نماد ومعادن,A,1,"ومعادن,توسعه‌معادن‌وفلزات‌",صنعت فلزات و معادن,"بورس,سهام,شاخص,قرارداد",,استخراج کانه‌های فلزی
نماد ومعادنح,A,1,"ومعادنح,ح. توسعه‌معادن‌وفلزات‌",صنعت فلزات و معادن,"بورس,سهام,شاخص,قرارداد",,استخراج کانه‌های فلزی
نماد ومعین,A,1,"ومعین,سرمایه گذاری توسعه معین ملت",صنعت بانک و بیمه,"بورس,سهام,شاخص,قرارداد",,واسطه‌گری‌های مالی و پولی
نماد وملت,A,1,"وملت,سرمایه‌گذاری‌ملت‌",صنعت بانک و بیمه,"بورس,سهام,شاخص,قرارداد",,سرمایه گذاریها
نماد وملتح,A,1,"وملتح,ح. سرمایه‌گذاری‌ملت‌",صنعت بانک و بیمه,"بورس,سهام,شاخص,قرارداد",,سرمایه گذاریها
نماد وملی,A,1,"وملی,گروه‌ صنعتی‌ ملی‌ (هلدینگ‌)",صنعت نساجی و پوشاک,"بورس,سهام,شاخص,قرارداد",,"دباغی, پرداخت چرم و ساخت انواع پاپوش"
نماد وملیح,A,1,"وملیح,ح. گروه‌ صنعتی‌ ملی‌ (هلدینگ‌)",صنعت نساجی و پوشاک,"بورس,سهام,شاخص,قرارداد",,"دباغی, پرداخت چرم و ساخت انواع پاپوش"
نماد ونفت,A,1,"ونفت,سرمایه‌گذاری‌ صنعت‌ نفت‌",صنعت نفت و گاز,"بورس,سهام,شاخص,قرارداد",,"فراورده‌های نفتی, کک و سوخت هسته‌ای"
نماد ونفتح,A,1,"ونفتح,ح. سرمایه‌گذاری‌ صنعت‌ نفت‌",صنعت نفت و گاز,"بورس,سهام,شاخص,قرارداد",,"فراورده‌های نفتی, کک و سوخت هسته‌ای"
نماد ونوین,A,1,"ونوین,بانک‌اقتصادنوین‌",صنعت بانک و بیمه,"بورس,سهام,شاخص,قرارداد",,بانکها و موسسات اعتباری
نماد ونوینح,A,1,"ونوینح,ح. بانک‌اقتصادنوین‌",صنعت بانک و بیمه,"بورس,سهام,شاخص,قرارداد",,بانکها و موسسات اعتباری
نماد ونیرو,A,1,"ونیرو,سرمایه‌گذاری‌نیرو",صنعت بانک و بیمه,"بورس,سهام,شاخص,قرارداد",,سرمایه گذاریها
نماد ونیروح,A,1,"ونیروح,ح. سرمایه‌گذاری‌نیرو",صنعت بانک و بیمه,"بورس,سهام,شاخص,قرارداد",,سرمایه گذاریها
نماد ونیکی,A,1,"ونیکی,سرمایه‌گذاری‌ ملی‌ایران‌",صنعت بانک و بیمه,"بورس,سهام,شاخص,قرارداد",,سرمایه گذاریها
نماد ونیکیح,A,1,"ونیکیح,ح. سرمایه‌گذاری‌ ملی‌ایران‌",صنعت بانک و بیمه,"بورس,سهام,شاخص,قرارداد",,سرمایه گذاریها